Series_Title,Overview,Star1,Star2,Director,Concatenated_Info
The Shawshank Redemption,"Two imprisoned men bond over a number of years, finding solace and eventual redemption through acts of common decency.",Tim Robbins,Morgan Freeman,Frank Darabont,"The Shawshank Redemption Two imprisoned men bond over a number of years, finding solace and eventual redemption through acts of common decency. Tim Robbins Morgan Freeman Frank Darabont"
The Godfather,An organized crime dynasty's aging patriarch transfers control of his clandestine empire to his reluctant son.,Marlon Brando,Al Pacino,Francis Ford Coppola,The Godfather An organized crime dynasty's aging patriarch transfers control of his clandestine empire to his reluctant son. Marlon Brando Al Pacino Francis Ford Coppola
The Dark Knight,"When the menace known as the Joker wreaks havoc and chaos on the people of Gotham, Batman must accept one of the greatest psychological and physical tests of his ability to fight injustice.",Christian Bale,Heath Ledger,Christopher Nolan,"The Dark Knight When the menace known as the Joker wreaks havoc and chaos on the people of Gotham, Batman must accept one of the greatest psychological and physical tests of his ability to fight injustice. Christian Bale Heath Ledger Christopher Nolan"
The Godfather: Part II,"The early life and career of Vito Corleone in 1920s New York City is portrayed, while his son, Michael, expands and tightens his grip on the family crime syndicate.",Al Pacino,Robert De Niro,Francis Ford Coppola,"The Godfather: Part II The early life and career of Vito Corleone in 1920s New York City is portrayed, while his son, Michael, expands and tightens his grip on the family crime syndicate. Al Pacino Robert De Niro Francis Ford Coppola"
12 Angry Men,A jury holdout attempts to prevent a miscarriage of justice by forcing his colleagues to reconsider the evidence.,Henry Fonda,Lee J. Cobb,Sidney Lumet,12 Angry Men A jury holdout attempts to prevent a miscarriage of justice by forcing his colleagues to reconsider the evidence. Henry Fonda Lee J. Cobb Sidney Lumet
The Lord of the Rings: The Return of the King,Gandalf and Aragorn lead the World of Men against Sauron's army to draw his gaze from Frodo and Sam as they approach Mount Doom with the One Ring.,Elijah Wood,Viggo Mortensen,Peter Jackson,The Lord of the Rings: The Return of the King Gandalf and Aragorn lead the World of Men against Sauron's army to draw his gaze from Frodo and Sam as they approach Mount Doom with the One Ring. Elijah Wood Viggo Mortensen Peter Jackson
Pulp Fiction,"The lives of two mob hitmen, a boxer, a gangster and his wife, and a pair of diner bandits intertwine in four tales of violence and redemption.",John Travolta,Uma Thurman,Quentin Tarantino,"Pulp Fiction The lives of two mob hitmen, a boxer, a gangster and his wife, and a pair of diner bandits intertwine in four tales of violence and redemption. John Travolta Uma Thurman Quentin Tarantino"
Schindler's List,"In German-occupied Poland during World War II, industrialist Oskar Schindler gradually becomes concerned for his Jewish workforce after witnessing their persecution by the Nazis.",Liam Neeson,Ralph Fiennes,Steven Spielberg,"Schindler's List In German-occupied Poland during World War II, industrialist Oskar Schindler gradually becomes concerned for his Jewish workforce after witnessing their persecution by the Nazis. Liam Neeson Ralph Fiennes Steven Spielberg"
Inception,A thief who steals corporate secrets through the use of dream-sharing technology is given the inverse task of planting an idea into the mind of a C.E.O.,Leonardo DiCaprio,Joseph Gordon-Levitt,Christopher Nolan,Inception A thief who steals corporate secrets through the use of dream-sharing technology is given the inverse task of planting an idea into the mind of a C.E.O. Leonardo DiCaprio Joseph Gordon-Levitt Christopher Nolan
Fight Club,"An insomniac office worker and a devil-may-care soapmaker form an underground fight club that evolves into something much, much more.",Brad Pitt,Edward Norton,David Fincher,"Fight Club An insomniac office worker and a devil-may-care soapmaker form an underground fight club that evolves into something much, much more. Brad Pitt Edward Norton David Fincher"
The Lord of the Rings: The Fellowship of the Ring,A meek Hobbit from the Shire and eight companions set out on a journey to destroy the powerful One Ring and save Middle-earth from the Dark Lord Sauron.,Elijah Wood,Ian McKellen,Peter Jackson,The Lord of the Rings: The Fellowship of the Ring A meek Hobbit from the Shire and eight companions set out on a journey to destroy the powerful One Ring and save Middle-earth from the Dark Lord Sauron. Elijah Wood Ian McKellen Peter Jackson
Forrest Gump,"The presidencies of Kennedy and Johnson, the events of Vietnam, Watergate and other historical events unfold through the perspective of an Alabama man with an IQ of 75, whose only desire is to be reunited with his childhood sweetheart.",Tom Hanks,Robin Wright,Robert Zemeckis,"Forrest Gump The presidencies of Kennedy and Johnson, the events of Vietnam, Watergate and other historical events unfold through the perspective of an Alabama man with an IQ of 75, whose only desire is to be reunited with his childhood sweetheart. Tom Hanks Robin Wright Robert Zemeckis"
"Il buono, il brutto, il cattivo",A bounty hunting scam joins two men in an uneasy alliance against a third in a race to find a fortune in gold buried in a remote cemetery.,Clint Eastwood,Eli Wallach,Sergio Leone,"Il buono, il brutto, il cattivo A bounty hunting scam joins two men in an uneasy alliance against a third in a race to find a fortune in gold buried in a remote cemetery. Clint Eastwood Eli Wallach Sergio Leone"
The Lord of the Rings: The Two Towers,"While Frodo and Sam edge closer to Mordor with the help of the shifty Gollum, the divided fellowship makes a stand against Sauron's new ally, Saruman, and his hordes of Isengard.",Elijah Wood,Ian McKellen,Peter Jackson,"The Lord of the Rings: The Two Towers While Frodo and Sam edge closer to Mordor with the help of the shifty Gollum, the divided fellowship makes a stand against Sauron's new ally, Saruman, and his hordes of Isengard. Elijah Wood Ian McKellen Peter Jackson"
The Matrix,"When a beautiful stranger leads computer hacker Neo to a forbidding underworld, he discovers the shocking truth--the life he knows is the elaborate deception of an evil cyber-intelligence.",Lilly Wachowski,Keanu Reeves,Lana Wachowski,"The Matrix When a beautiful stranger leads computer hacker Neo to a forbidding underworld, he discovers the shocking truth--the life he knows is the elaborate deception of an evil cyber-intelligence. Lilly Wachowski Keanu Reeves Lana Wachowski"
Goodfellas,"The story of Henry Hill and his life in the mob, covering his relationship with his wife Karen Hill and his mob partners Jimmy Conway and Tommy DeVito in the Italian-American crime syndicate.",Robert De Niro,Ray Liotta,Martin Scorsese,"Goodfellas The story of Henry Hill and his life in the mob, covering his relationship with his wife Karen Hill and his mob partners Jimmy Conway and Tommy DeVito in the Italian-American crime syndicate. Robert De Niro Ray Liotta Martin Scorsese"
Star Wars: Episode V - The Empire Strikes Back,"After the Rebels are brutally overpowered by the Empire on the ice planet Hoth, Luke Skywalker begins Jedi training with Yoda, while his friends are pursued by Darth Vader and a bounty hunter named Boba Fett all over the galaxy.",Mark Hamill,Harrison Ford,Irvin Kershner,"Star Wars: Episode V - The Empire Strikes Back After the Rebels are brutally overpowered by the Empire on the ice planet Hoth, Luke Skywalker begins Jedi training with Yoda, while his friends are pursued by Darth Vader and a bounty hunter named Boba Fett all over the galaxy. Mark Hamill Harrison Ford Irvin Kershner"
One Flew Over the Cuckoo's Nest,"A criminal pleads insanity and is admitted to a mental institution, where he rebels against the oppressive nurse and rallies up the scared patients.",Jack Nicholson,Louise Fletcher,Milos Forman,"One Flew Over the Cuckoo's Nest A criminal pleads insanity and is admitted to a mental institution, where he rebels against the oppressive nurse and rallies up the scared patients. Jack Nicholson Louise Fletcher Milos Forman"
Hamilton,"The real life of one of America's foremost founding fathers and first Secretary of the Treasury, Alexander Hamilton. Captured live on Broadway from the Richard Rodgers Theater with the original Broadway cast.",Lin-Manuel Miranda,Phillipa Soo,Thomas Kail,"Hamilton The real life of one of America's foremost founding fathers and first Secretary of the Treasury, Alexander Hamilton. Captured live on Broadway from the Richard Rodgers Theater with the original Broadway cast. Lin-Manuel Miranda Phillipa Soo Thomas Kail"
Gisaengchung,Greed and class discrimination threaten the newly formed symbiotic relationship between the wealthy Park family and the destitute Kim clan.,Kang-ho Song,Lee Sun-kyun,Bong Joon Ho,Gisaengchung Greed and class discrimination threaten the newly formed symbiotic relationship between the wealthy Park family and the destitute Kim clan. Kang-ho Song Lee Sun-kyun Bong Joon Ho
Soorarai Pottru,"Nedumaaran Rajangam ""Maara"" sets out to make the common man fly and in the process takes on the world's most capital intensive industry and several enemies who stand in his way.",Suriya,Madhavan,Sudha Kongara,"Soorarai Pottru Nedumaaran Rajangam ""Maara"" sets out to make the common man fly and in the process takes on the world's most capital intensive industry and several enemies who stand in his way. Suriya Madhavan Sudha Kongara"
Interstellar,A team of explorers travel through a wormhole in space in an attempt to ensure humanity's survival.,Matthew McConaughey,Anne Hathaway,Christopher Nolan,Interstellar A team of explorers travel through a wormhole in space in an attempt to ensure humanity's survival. Matthew McConaughey Anne Hathaway Christopher Nolan
Cidade de Deus,"In the slums of Rio, two kids' paths diverge as one struggles to become a photographer and the other a kingpin.",Kátia Lund,Alexandre Rodrigues,Fernando Meirelles,"Cidade de Deus In the slums of Rio, two kids' paths diverge as one struggles to become a photographer and the other a kingpin. Kátia Lund Alexandre Rodrigues Fernando Meirelles"
Sen to Chihiro no kamikakushi,"During her family's move to the suburbs, a sullen 10-year-old girl wanders into a world ruled by gods, witches, and spirits, and where humans are changed into beasts.",Daveigh Chase,Suzanne Pleshette,Hayao Miyazaki,"Sen to Chihiro no kamikakushi During her family's move to the suburbs, a sullen 10-year-old girl wanders into a world ruled by gods, witches, and spirits, and where humans are changed into beasts. Daveigh Chase Suzanne Pleshette Hayao Miyazaki"
Saving Private Ryan,"Following the Normandy Landings, a group of U.S. soldiers go behind enemy lines to retrieve a paratrooper whose brothers have been killed in action.",Tom Hanks,Matt Damon,Steven Spielberg,"Saving Private Ryan Following the Normandy Landings, a group of U.S. soldiers go behind enemy lines to retrieve a paratrooper whose brothers have been killed in action. Tom Hanks Matt Damon Steven Spielberg"
The Green Mile,"The lives of guards on Death Row are affected by one of their charges: a black man accused of child murder and rape, yet who has a mysterious gift.",Tom Hanks,Michael Clarke Duncan,Frank Darabont,"The Green Mile The lives of guards on Death Row are affected by one of their charges: a black man accused of child murder and rape, yet who has a mysterious gift. Tom Hanks Michael Clarke Duncan Frank Darabont"
La vita è bella,"When an open-minded Jewish librarian and his son become victims of the Holocaust, he uses a perfect mixture of will, humor, and imagination to protect his son from the dangers around their camp.",Roberto Benigni,Nicoletta Braschi,Roberto Benigni,"La vita è bella When an open-minded Jewish librarian and his son become victims of the Holocaust, he uses a perfect mixture of will, humor, and imagination to protect his son from the dangers around their camp. Roberto Benigni Nicoletta Braschi Roberto Benigni"
Se7en,"Two detectives, a rookie and a veteran, hunt a serial killer who uses the seven deadly sins as his motives.",Morgan Freeman,Brad Pitt,David Fincher,"Se7en Two detectives, a rookie and a veteran, hunt a serial killer who uses the seven deadly sins as his motives. Morgan Freeman Brad Pitt David Fincher"
The Silence of the Lambs,"A young F.B.I. cadet must receive the help of an incarcerated and manipulative cannibal killer to help catch another serial killer, a madman who skins his victims.",Jodie Foster,Anthony Hopkins,Jonathan Demme,"The Silence of the Lambs A young F.B.I. cadet must receive the help of an incarcerated and manipulative cannibal killer to help catch another serial killer, a madman who skins his victims. Jodie Foster Anthony Hopkins Jonathan Demme"
Star Wars,"Luke Skywalker joins forces with a Jedi Knight, a cocky pilot, a Wookiee and two droids to save the galaxy from the Empire's world-destroying battle station, while also attempting to rescue Princess Leia from the mysterious Darth Vader.",Mark Hamill,Harrison Ford,George Lucas,"Star Wars Luke Skywalker joins forces with a Jedi Knight, a cocky pilot, a Wookiee and two droids to save the galaxy from the Empire's world-destroying battle station, while also attempting to rescue Princess Leia from the mysterious Darth Vader. Mark Hamill Harrison Ford George Lucas"
Seppuku,"When a ronin requesting seppuku at a feudal lord's palace is told of the brutal suicide of another ronin who previously visited, he reveals how their pasts are intertwined - and in doing so challenges the clan's integrity.",Tatsuya Nakadai,Akira Ishihama,Masaki Kobayashi,"Seppuku When a ronin requesting seppuku at a feudal lord's palace is told of the brutal suicide of another ronin who previously visited, he reveals how their pasts are intertwined - and in doing so challenges the clan's integrity. Tatsuya Nakadai Akira Ishihama Masaki Kobayashi"
Shichinin no samurai,A poor village under attack by bandits recruits seven unemployed samurai to help them defend themselves.,Toshirô Mifune,Takashi Shimura,Akira Kurosawa,Shichinin no samurai A poor village under attack by bandits recruits seven unemployed samurai to help them defend themselves. Toshirô Mifune Takashi Shimura Akira Kurosawa
It's a Wonderful Life,An angel is sent from Heaven to help a desperately frustrated businessman by showing him what life would have been like if he had never existed.,James Stewart,Donna Reed,Frank Capra,It's a Wonderful Life An angel is sent from Heaven to help a desperately frustrated businessman by showing him what life would have been like if he had never existed. James Stewart Donna Reed Frank Capra
Joker,"In Gotham City, mentally troubled comedian Arthur Fleck is disregarded and mistreated by society. He then embarks on a downward spiral of revolution and bloody crime. This path brings him face-to-face with his alter-ego: the Joker.",Joaquin Phoenix,Robert De Niro,Todd Phillips,"Joker In Gotham City, mentally troubled comedian Arthur Fleck is disregarded and mistreated by society. He then embarks on a downward spiral of revolution and bloody crime. This path brings him face-to-face with his alter-ego: the Joker. Joaquin Phoenix Robert De Niro Todd Phillips"
Whiplash,A promising young drummer enrolls at a cut-throat music conservatory where his dreams of greatness are mentored by an instructor who will stop at nothing to realize a student's potential.,Miles Teller,J.K. Simmons,Damien Chazelle,Whiplash A promising young drummer enrolls at a cut-throat music conservatory where his dreams of greatness are mentored by an instructor who will stop at nothing to realize a student's potential. Miles Teller J.K. Simmons Damien Chazelle
The Intouchables,"After he becomes a quadriplegic from a paragliding accident, an aristocrat hires a young man from the projects to be his caregiver.",Éric Toledano,François Cluzet,Olivier Nakache,"The Intouchables After he becomes a quadriplegic from a paragliding accident, an aristocrat hires a young man from the projects to be his caregiver. Éric Toledano François Cluzet Olivier Nakache"
The Prestige,"After a tragic accident, two stage magicians engage in a battle to create the ultimate illusion while sacrificing everything they have to outwit each other.",Christian Bale,Hugh Jackman,Christopher Nolan,"The Prestige After a tragic accident, two stage magicians engage in a battle to create the ultimate illusion while sacrificing everything they have to outwit each other. Christian Bale Hugh Jackman Christopher Nolan"
The Departed,An undercover cop and a mole in the police attempt to identify each other while infiltrating an Irish gang in South Boston.,Leonardo DiCaprio,Matt Damon,Martin Scorsese,The Departed An undercover cop and a mole in the police attempt to identify each other while infiltrating an Irish gang in South Boston. Leonardo DiCaprio Matt Damon Martin Scorsese
The Pianist,A Polish Jewish musician struggles to survive the destruction of the Warsaw ghetto of World War II.,Adrien Brody,Thomas Kretschmann,Roman Polanski,The Pianist A Polish Jewish musician struggles to survive the destruction of the Warsaw ghetto of World War II. Adrien Brody Thomas Kretschmann Roman Polanski
Gladiator,A former Roman General sets out to exact vengeance against the corrupt emperor who murdered his family and sent him into slavery.,Russell Crowe,Joaquin Phoenix,Ridley Scott,Gladiator A former Roman General sets out to exact vengeance against the corrupt emperor who murdered his family and sent him into slavery. Russell Crowe Joaquin Phoenix Ridley Scott
American History X,A former neo-nazi skinhead tries to prevent his younger brother from going down the same wrong path that he did.,Edward Norton,Edward Furlong,Tony Kaye,American History X A former neo-nazi skinhead tries to prevent his younger brother from going down the same wrong path that he did. Edward Norton Edward Furlong Tony Kaye
The Usual Suspects,"A sole survivor tells of the twisty events leading up to a horrific gun battle on a boat, which began when five criminals met at a seemingly random police lineup.",Kevin Spacey,Gabriel Byrne,Bryan Singer,"The Usual Suspects A sole survivor tells of the twisty events leading up to a horrific gun battle on a boat, which began when five criminals met at a seemingly random police lineup. Kevin Spacey Gabriel Byrne Bryan Singer"
Léon,"Mathilda, a 12-year-old girl, is reluctantly taken in by Léon, a professional assassin, after her family is murdered. An unusual relationship forms as she becomes his protégée and learns the assassin's trade.",Jean Reno,Gary Oldman,Luc Besson,"Léon Mathilda, a 12-year-old girl, is reluctantly taken in by Léon, a professional assassin, after her family is murdered. An unusual relationship forms as she becomes his protégée and learns the assassin's trade. Jean Reno Gary Oldman Luc Besson"
The Lion King,"Lion prince Simba and his father are targeted by his bitter uncle, who wants to ascend the throne himself.",Rob Minkoff,Matthew Broderick,Roger Allers,"The Lion King Lion prince Simba and his father are targeted by his bitter uncle, who wants to ascend the throne himself. Rob Minkoff Matthew Broderick Roger Allers"
Terminator 2: Judgment Day,"A cyborg, identical to the one who failed to kill Sarah Connor, must now protect her teenage son, John Connor, from a more advanced and powerful cyborg.",Arnold Schwarzenegger,Linda Hamilton,James Cameron,"Terminator 2: Judgment Day A cyborg, identical to the one who failed to kill Sarah Connor, must now protect her teenage son, John Connor, from a more advanced and powerful cyborg. Arnold Schwarzenegger Linda Hamilton James Cameron"
Nuovo Cinema Paradiso,A filmmaker recalls his childhood when falling in love with the pictures at the cinema of his home village and forms a deep friendship with the cinema's projectionist.,Philippe Noiret,Enzo Cannavale,Giuseppe Tornatore,Nuovo Cinema Paradiso A filmmaker recalls his childhood when falling in love with the pictures at the cinema of his home village and forms a deep friendship with the cinema's projectionist. Philippe Noiret Enzo Cannavale Giuseppe Tornatore
Hotaru no haka,A young boy and his little sister struggle to survive in Japan during World War II.,Tsutomu Tatsumi,Ayano Shiraishi,Isao Takahata,Hotaru no haka A young boy and his little sister struggle to survive in Japan during World War II. Tsutomu Tatsumi Ayano Shiraishi Isao Takahata
Back to the Future,"Marty McFly, a 17-year-old high school student, is accidentally sent thirty years into the past in a time-traveling DeLorean invented by his close friend, the eccentric scientist Doc Brown.",Michael J. Fox,Christopher Lloyd,Robert Zemeckis,"Back to the Future Marty McFly, a 17-year-old high school student, is accidentally sent thirty years into the past in a time-traveling DeLorean invented by his close friend, the eccentric scientist Doc Brown. Michael J. Fox Christopher Lloyd Robert Zemeckis"
Once Upon a Time in the West,A mysterious stranger with a harmonica joins forces with a notorious desperado to protect a beautiful widow from a ruthless assassin working for the railroad.,Henry Fonda,Charles Bronson,Sergio Leone,Once Upon a Time in the West A mysterious stranger with a harmonica joins forces with a notorious desperado to protect a beautiful widow from a ruthless assassin working for the railroad. Henry Fonda Charles Bronson Sergio Leone
Psycho,"A Phoenix secretary embezzles $40,000 from her employer's client, goes on the run, and checks into a remote motel run by a young man under the domination of his mother.",Anthony Perkins,Janet Leigh,Alfred Hitchcock,"Psycho A Phoenix secretary embezzles $40,000 from her employer's client, goes on the run, and checks into a remote motel run by a young man under the domination of his mother. Anthony Perkins Janet Leigh Alfred Hitchcock"
Casablanca,A cynical expatriate American cafe owner struggles to decide whether or not to help his former lover and her fugitive husband escape the Nazis in French Morocco.,Humphrey Bogart,Ingrid Bergman,Michael Curtiz,Casablanca A cynical expatriate American cafe owner struggles to decide whether or not to help his former lover and her fugitive husband escape the Nazis in French Morocco. Humphrey Bogart Ingrid Bergman Michael Curtiz
Modern Times,The Tramp struggles to live in modern industrial society with the help of a young homeless woman.,Charles Chaplin,Paulette Goddard,Charles Chaplin,Modern Times The Tramp struggles to live in modern industrial society with the help of a young homeless woman. Charles Chaplin Paulette Goddard Charles Chaplin
City Lights,"With the aid of a wealthy erratic tippler, a dewy-eyed tramp who has fallen in love with a sightless flower girl accumulates money to be able to help her medically.",Charles Chaplin,Virginia Cherrill,Charles Chaplin,"City Lights With the aid of a wealthy erratic tippler, a dewy-eyed tramp who has fallen in love with a sightless flower girl accumulates money to be able to help her medically. Charles Chaplin Virginia Cherrill Charles Chaplin"
Capharnaüm,"While serving a five-year sentence for a violent crime, a 12-year-old boy sues his parents for neglect.",Zain Al Rafeea,Yordanos Shiferaw,Nadine Labaki,"Capharnaüm While serving a five-year sentence for a violent crime, a 12-year-old boy sues his parents for neglect. Zain Al Rafeea Yordanos Shiferaw Nadine Labaki"
Ayla: The Daughter of War,"In 1950, amid-st the ravages of the Korean War, Sergeant Süleyman stumbles upon a half-frozen little girl, with no parents and no help in sight. Frantic, scared and on the verge of death, ...                See full summary »",Erdem Can,Çetin Tekindor,Can Ulkay,"Ayla: The Daughter of War In 1950, amid-st the ravages of the Korean War, Sergeant Süleyman stumbles upon a half-frozen little girl, with no parents and no help in sight. Frantic, scared and on the verge of death, ...                See full summary » Erdem Can Çetin Tekindor Can Ulkay"
Vikram Vedha,"Vikram, a no-nonsense police officer, accompanied by Simon, his partner, is on the hunt to capture Vedha, a smuggler and a murderer. Vedha tries to change Vikram's life, which leads to a conflict.",Pushkar,Madhavan,Gayatri,"Vikram Vedha Vikram, a no-nonsense police officer, accompanied by Simon, his partner, is on the hunt to capture Vedha, a smuggler and a murderer. Vedha tries to change Vikram's life, which leads to a conflict. Pushkar Madhavan Gayatri"
Kimi no na wa.,"Two strangers find themselves linked in a bizarre way. When a connection forms, will distance be the only thing to keep them apart?",Ryûnosuke Kamiki,Mone Kamishiraishi,Makoto Shinkai,"Kimi no na wa. Two strangers find themselves linked in a bizarre way. When a connection forms, will distance be the only thing to keep them apart? Ryûnosuke Kamiki Mone Kamishiraishi Makoto Shinkai"
Dangal,Former wrestler Mahavir Singh Phogat and his two wrestler daughters struggle towards glory at the Commonwealth Games in the face of societal oppression.,Aamir Khan,Sakshi Tanwar,Nitesh Tiwari,Dangal Former wrestler Mahavir Singh Phogat and his two wrestler daughters struggle towards glory at the Commonwealth Games in the face of societal oppression. Aamir Khan Sakshi Tanwar Nitesh Tiwari
Spider-Man: Into the Spider-Verse,"Teen Miles Morales becomes the Spider-Man of his universe, and must join with five spider-powered individuals from other dimensions to stop a threat for all realities.",Peter Ramsey,Rodney Rothman,Bob Persichetti,"Spider-Man: Into the Spider-Verse Teen Miles Morales becomes the Spider-Man of his universe, and must join with five spider-powered individuals from other dimensions to stop a threat for all realities. Peter Ramsey Rodney Rothman Bob Persichetti"
Avengers: Endgame,"After the devastating events of Avengers: Infinity War (2018), the universe is in ruins. With the help of remaining allies, the Avengers assemble once more in order to reverse Thanos' actions and restore balance to the universe.",Joe Russo,Robert Downey Jr.,Anthony Russo,"Avengers: Endgame After the devastating events of Avengers: Infinity War (2018), the universe is in ruins. With the help of remaining allies, the Avengers assemble once more in order to reverse Thanos' actions and restore balance to the universe. Joe Russo Robert Downey Jr. Anthony Russo"
Avengers: Infinity War,The Avengers and their allies must be willing to sacrifice all in an attempt to defeat the powerful Thanos before his blitz of devastation and ruin puts an end to the universe.,Joe Russo,Robert Downey Jr.,Anthony Russo,Avengers: Infinity War The Avengers and their allies must be willing to sacrifice all in an attempt to defeat the powerful Thanos before his blitz of devastation and ruin puts an end to the universe. Joe Russo Robert Downey Jr. Anthony Russo
Coco,"Aspiring musician Miguel, confronted with his family's ancestral ban on music, enters the Land of the Dead to find his great-great-grandfather, a legendary singer.",Adrian Molina,Anthony Gonzalez,Lee Unkrich,"Coco Aspiring musician Miguel, confronted with his family's ancestral ban on music, enters the Land of the Dead to find his great-great-grandfather, a legendary singer. Adrian Molina Anthony Gonzalez Lee Unkrich"
Django Unchained,"With the help of a German bounty hunter, a freed slave sets out to rescue his wife from a brutal Mississippi plantation owner.",Jamie Foxx,Christoph Waltz,Quentin Tarantino,"Django Unchained With the help of a German bounty hunter, a freed slave sets out to rescue his wife from a brutal Mississippi plantation owner. Jamie Foxx Christoph Waltz Quentin Tarantino"
The Dark Knight Rises,"Eight years after the Joker's reign of anarchy, Batman, with the help of the enigmatic Catwoman, is forced from his exile to save Gotham City from the brutal guerrilla terrorist Bane.",Christian Bale,Tom Hardy,Christopher Nolan,"The Dark Knight Rises Eight years after the Joker's reign of anarchy, Batman, with the help of the enigmatic Catwoman, is forced from his exile to save Gotham City from the brutal guerrilla terrorist Bane. Christian Bale Tom Hardy Christopher Nolan"
3 Idiots,"Two friends are searching for their long lost companion. They revisit their college days and recall the memories of their friend who inspired them to think differently, even as the rest of the world called them ""idiots"".",Aamir Khan,Madhavan,Rajkumar Hirani,"3 Idiots Two friends are searching for their long lost companion. They revisit their college days and recall the memories of their friend who inspired them to think differently, even as the rest of the world called them ""idiots"". Aamir Khan Madhavan Rajkumar Hirani"
Taare Zameen Par,"An eight-year-old boy is thought to be a lazy trouble-maker, until the new art teacher has the patience and compassion to discover the real problem behind his struggles in school.",Amole Gupte,Darsheel Safary,Aamir Khan,"Taare Zameen Par An eight-year-old boy is thought to be a lazy trouble-maker, until the new art teacher has the patience and compassion to discover the real problem behind his struggles in school. Amole Gupte Darsheel Safary Aamir Khan"
WALL·E,"In the distant future, a small waste-collecting robot inadvertently embarks on a space journey that will ultimately decide the fate of mankind.",Ben Burtt,Elissa Knight,Andrew Stanton,"WALL·E In the distant future, a small waste-collecting robot inadvertently embarks on a space journey that will ultimately decide the fate of mankind. Ben Burtt Elissa Knight Andrew Stanton"
The Lives of Others,"In 1984 East Berlin, an agent of the secret police, conducting surveillance on a writer and his lover, finds himself becoming increasingly absorbed by their lives.",Ulrich Mühe,Martina Gedeck,Florian Henckel von Donnersmarck,"The Lives of Others In 1984 East Berlin, an agent of the secret police, conducting surveillance on a writer and his lover, finds himself becoming increasingly absorbed by their lives. Ulrich Mühe Martina Gedeck Florian Henckel von Donnersmarck"
Oldeuboi,"After being kidnapped and imprisoned for fifteen years, Oh Dae-Su is released, only to find that he must find his captor in five days.",Choi Min-sik,Yoo Ji-Tae,Chan-wook Park,"Oldeuboi After being kidnapped and imprisoned for fifteen years, Oh Dae-Su is released, only to find that he must find his captor in five days. Choi Min-sik Yoo Ji-Tae Chan-wook Park"
Memento,A man with short-term memory loss attempts to track down his wife's murderer.,Guy Pearce,Carrie-Anne Moss,Christopher Nolan,Memento A man with short-term memory loss attempts to track down his wife's murderer. Guy Pearce Carrie-Anne Moss Christopher Nolan
Mononoke-hime,"On a journey to find the cure for a Tatarigami's curse, Ashitaka finds himself in the middle of a war between the forest gods and Tatara, a mining colony. In this quest he also meets San, the Mononoke Hime.",Yôji Matsuda,Yuriko Ishida,Hayao Miyazaki,"Mononoke-hime On a journey to find the cure for a Tatarigami's curse, Ashitaka finds himself in the middle of a war between the forest gods and Tatara, a mining colony. In this quest he also meets San, the Mononoke Hime. Yôji Matsuda Yuriko Ishida Hayao Miyazaki"
Once Upon a Time in America,"A former Prohibition-era Jewish gangster returns to the Lower East Side of Manhattan over thirty years later, where he once again must confront the ghosts and regrets of his old life.",Robert De Niro,James Woods,Sergio Leone,"Once Upon a Time in America A former Prohibition-era Jewish gangster returns to the Lower East Side of Manhattan over thirty years later, where he once again must confront the ghosts and regrets of his old life. Robert De Niro James Woods Sergio Leone"
Raiders of the Lost Ark,"In 1936, archaeologist and adventurer Indiana Jones is hired by the U.S. government to find the Ark of the Covenant before Adolf Hitler's Nazis can obtain its awesome powers.",Harrison Ford,Karen Allen,Steven Spielberg,"Raiders of the Lost Ark In 1936, archaeologist and adventurer Indiana Jones is hired by the U.S. government to find the Ark of the Covenant before Adolf Hitler's Nazis can obtain its awesome powers. Harrison Ford Karen Allen Steven Spielberg"
The Shining,"A family heads to an isolated hotel for the winter where a sinister presence influences the father into violence, while his psychic son sees horrific forebodings from both past and future.",Jack Nicholson,Shelley Duvall,Stanley Kubrick,"The Shining A family heads to an isolated hotel for the winter where a sinister presence influences the father into violence, while his psychic son sees horrific forebodings from both past and future. Jack Nicholson Shelley Duvall Stanley Kubrick"
Apocalypse Now,A U.S. Army officer serving in Vietnam is tasked with assassinating a renegade Special Forces Colonel who sees himself as a god.,Martin Sheen,Marlon Brando,Francis Ford Coppola,Apocalypse Now A U.S. Army officer serving in Vietnam is tasked with assassinating a renegade Special Forces Colonel who sees himself as a god. Martin Sheen Marlon Brando Francis Ford Coppola
Alien,"After a space merchant vessel receives an unknown transmission as a distress call, one of the crew is attacked by a mysterious life form and they soon realize that its life cycle has merely begun.",Sigourney Weaver,Tom Skerritt,Ridley Scott,"Alien After a space merchant vessel receives an unknown transmission as a distress call, one of the crew is attacked by a mysterious life form and they soon realize that its life cycle has merely begun. Sigourney Weaver Tom Skerritt Ridley Scott"
Anand,"The story of a terminally ill man who wishes to live life to the fullest before the inevitable occurs, as told by his best friend.",Rajesh Khanna,Amitabh Bachchan,Hrishikesh Mukherjee,"Anand The story of a terminally ill man who wishes to live life to the fullest before the inevitable occurs, as told by his best friend. Rajesh Khanna Amitabh Bachchan Hrishikesh Mukherjee"
Tengoku to jigoku,An executive of a shoe company becomes a victim of extortion when his chauffeur's son is kidnapped and held for ransom.,Toshirô Mifune,Yutaka Sada,Akira Kurosawa,Tengoku to jigoku An executive of a shoe company becomes a victim of extortion when his chauffeur's son is kidnapped and held for ransom. Toshirô Mifune Yutaka Sada Akira Kurosawa
Dr. Strangelove or: How I Learned to Stop Worrying and Love the Bomb,An insane general triggers a path to nuclear holocaust that a War Room full of politicians and generals frantically tries to stop.,Peter Sellers,George C. Scott,Stanley Kubrick,Dr. Strangelove or: How I Learned to Stop Worrying and Love the Bomb An insane general triggers a path to nuclear holocaust that a War Room full of politicians and generals frantically tries to stop. Peter Sellers George C. Scott Stanley Kubrick
Witness for the Prosecution,A veteran British barrister must defend his client in a murder trial that has surprise after surprise.,Tyrone Power,Marlene Dietrich,Billy Wilder,Witness for the Prosecution A veteran British barrister must defend his client in a murder trial that has surprise after surprise. Tyrone Power Marlene Dietrich Billy Wilder
Paths of Glory,"After refusing to attack an enemy position, a general accuses the soldiers of cowardice and their commanding officer must defend them.",Kirk Douglas,Ralph Meeker,Stanley Kubrick,"Paths of Glory After refusing to attack an enemy position, a general accuses the soldiers of cowardice and their commanding officer must defend them. Kirk Douglas Ralph Meeker Stanley Kubrick"
Rear Window,A wheelchair-bound photographer spies on his neighbors from his apartment window and becomes convinced one of them has committed murder.,James Stewart,Grace Kelly,Alfred Hitchcock,Rear Window A wheelchair-bound photographer spies on his neighbors from his apartment window and becomes convinced one of them has committed murder. James Stewart Grace Kelly Alfred Hitchcock
Sunset Blvd.,A screenwriter develops a dangerous relationship with a faded film star determined to make a triumphant return.,William Holden,Gloria Swanson,Billy Wilder,Sunset Blvd. A screenwriter develops a dangerous relationship with a faded film star determined to make a triumphant return. William Holden Gloria Swanson Billy Wilder
The Great Dictator,Dictator Adenoid Hynkel tries to expand his empire while a poor Jewish barber tries to avoid persecution from Hynkel's regime.,Charles Chaplin,Paulette Goddard,Charles Chaplin,The Great Dictator Dictator Adenoid Hynkel tries to expand his empire while a poor Jewish barber tries to avoid persecution from Hynkel's regime. Charles Chaplin Paulette Goddard Charles Chaplin
1917,"April 6th, 1917. As a regiment assembles to wage war deep in enemy territory, two soldiers are assigned to race against time and deliver a message that will stop 1,600 men from walking straight into a deadly trap.",Dean-Charles Chapman,George MacKay,Sam Mendes,"1917 April 6th, 1917. As a regiment assembles to wage war deep in enemy territory, two soldiers are assigned to race against time and deliver a message that will stop 1,600 men from walking straight into a deadly trap. Dean-Charles Chapman George MacKay Sam Mendes"
Tumbbad,A mythological story about a goddess who created the entire universe. The plot revolves around the consequences when humans build a temple for her first-born.,Anand Gandhi,Adesh Prasad,Rahi Anil Barve,Tumbbad A mythological story about a goddess who created the entire universe. The plot revolves around the consequences when humans build a temple for her first-born. Anand Gandhi Adesh Prasad Rahi Anil Barve
Andhadhun,"A series of mysterious events change the life of a blind pianist, who must now report a crime that he should technically know nothing of.",Ayushmann Khurrana,Tabu,Sriram Raghavan,"Andhadhun A series of mysterious events change the life of a blind pianist, who must now report a crime that he should technically know nothing of. Ayushmann Khurrana Tabu Sriram Raghavan"
Drishyam,A man goes to extreme lengths to save his family from punishment after the family commits an accidental crime.,Mohanlal,Meena,Jeethu Joseph,Drishyam A man goes to extreme lengths to save his family from punishment after the family commits an accidental crime. Mohanlal Meena Jeethu Joseph
Jagten,"A teacher lives a lonely life, all the while struggling over his son's custody. His life slowly gets better as he finds love and receives good news from his son, but his new luck is about to be brutally shattered by an innocent little lie.",Mads Mikkelsen,Thomas Bo Larsen,Thomas Vinterberg,"Jagten A teacher lives a lonely life, all the while struggling over his son's custody. His life slowly gets better as he finds love and receives good news from his son, but his new luck is about to be brutally shattered by an innocent little lie. Mads Mikkelsen Thomas Bo Larsen Thomas Vinterberg"
Jodaeiye Nader az Simin,A married couple are faced with a difficult decision - to improve the life of their child by moving to another country or to stay in Iran and look after a deteriorating parent who has Alzheimer's disease.,Payman Maadi,Leila Hatami,Asghar Farhadi,Jodaeiye Nader az Simin A married couple are faced with a difficult decision - to improve the life of their child by moving to another country or to stay in Iran and look after a deteriorating parent who has Alzheimer's disease. Payman Maadi Leila Hatami Asghar Farhadi
Incendies,Twins journey to the Middle East to discover their family history and fulfill their mother's last wishes.,Lubna Azabal,Mélissa Désormeaux-Poulin,Denis Villeneuve,Incendies Twins journey to the Middle East to discover their family history and fulfill their mother's last wishes. Lubna Azabal Mélissa Désormeaux-Poulin Denis Villeneuve
Miracle in cell NO.7,A story of love between a mentally-ill father who was wrongly accused of murder and his lovely six years old daughter. The prison would be their home. Based on the 2013 Korean movie 7-beon-bang-ui seon-mul (2013).,Aras Bulut Iynemli,Nisa Sofiya Aksongur,Mehmet Ada Öztekin,Miracle in cell NO.7 A story of love between a mentally-ill father who was wrongly accused of murder and his lovely six years old daughter. The prison would be their home. Based on the 2013 Korean movie 7-beon-bang-ui seon-mul (2013). Aras Bulut Iynemli Nisa Sofiya Aksongur Mehmet Ada Öztekin
Babam ve Oglum,The family of a left-wing journalist is torn apart after the military coup of Turkey in 1980.,Çetin Tekindor,Fikret Kuskan,Çagan Irmak,Babam ve Oglum The family of a left-wing journalist is torn apart after the military coup of Turkey in 1980. Çetin Tekindor Fikret Kuskan Çagan Irmak
Inglourious Basterds,"In Nazi-occupied France during World War II, a plan to assassinate Nazi leaders by a group of Jewish U.S. soldiers coincides with a theatre owner's vengeful plans for the same.",Brad Pitt,Diane Kruger,Quentin Tarantino,"Inglourious Basterds In Nazi-occupied France during World War II, a plan to assassinate Nazi leaders by a group of Jewish U.S. soldiers coincides with a theatre owner's vengeful plans for the same. Brad Pitt Diane Kruger Quentin Tarantino"
Eternal Sunshine of the Spotless Mind,"When their relationship turns sour, a couple undergoes a medical procedure to have each other erased from their memories.",Jim Carrey,Kate Winslet,Michel Gondry,"Eternal Sunshine of the Spotless Mind When their relationship turns sour, a couple undergoes a medical procedure to have each other erased from their memories. Jim Carrey Kate Winslet Michel Gondry"
Amélie,"Amélie is an innocent and naive girl in Paris with her own sense of justice. She decides to help those around her and, along the way, discovers love.",Audrey Tautou,Mathieu Kassovitz,Jean-Pierre Jeunet,"Amélie Amélie is an innocent and naive girl in Paris with her own sense of justice. She decides to help those around her and, along the way, discovers love. Audrey Tautou Mathieu Kassovitz Jean-Pierre Jeunet"
Snatch,"Unscrupulous boxing promoters, violent bookmakers, a Russian gangster, incompetent amateur robbers and supposedly Jewish jewelers fight to track down a priceless stolen diamond.",Jason Statham,Brad Pitt,Guy Ritchie,"Snatch Unscrupulous boxing promoters, violent bookmakers, a Russian gangster, incompetent amateur robbers and supposedly Jewish jewelers fight to track down a priceless stolen diamond. Jason Statham Brad Pitt Guy Ritchie"
Requiem for a Dream,The drug-induced utopias of four Coney Island people are shattered when their addictions run deep.,Ellen Burstyn,Jared Leto,Darren Aronofsky,Requiem for a Dream The drug-induced utopias of four Coney Island people are shattered when their addictions run deep. Ellen Burstyn Jared Leto Darren Aronofsky
American Beauty,A sexually frustrated suburban father has a mid-life crisis after becoming infatuated with his daughter's best friend.,Kevin Spacey,Annette Bening,Sam Mendes,American Beauty A sexually frustrated suburban father has a mid-life crisis after becoming infatuated with his daughter's best friend. Kevin Spacey Annette Bening Sam Mendes
Good Will Hunting,"Will Hunting, a janitor at M.I.T., has a gift for mathematics, but needs help from a psychologist to find direction in his life.",Robin Williams,Matt Damon,Gus Van Sant,"Good Will Hunting Will Hunting, a janitor at M.I.T., has a gift for mathematics, but needs help from a psychologist to find direction in his life. Robin Williams Matt Damon Gus Van Sant"
Bacheha-Ye aseman,"After a boy loses his sister's pair of shoes, he goes on a series of adventures in order to find them. When he can't, he tries a new way to ""win"" a new pair.",Mohammad Amir Naji,Amir Farrokh Hashemian,Majid Majidi,"Bacheha-Ye aseman After a boy loses his sister's pair of shoes, he goes on a series of adventures in order to find them. When he can't, he tries a new way to ""win"" a new pair. Mohammad Amir Naji Amir Farrokh Hashemian Majid Majidi"
Toy Story,A cowboy doll is profoundly threatened and jealous when a new spaceman figure supplants him as top toy in a boy's room.,Tom Hanks,Tim Allen,John Lasseter,Toy Story A cowboy doll is profoundly threatened and jealous when a new spaceman figure supplants him as top toy in a boy's room. Tom Hanks Tim Allen John Lasseter
Braveheart,Scottish warrior William Wallace leads his countrymen in a rebellion to free his homeland from the tyranny of King Edward I of England.,Mel Gibson,Sophie Marceau,Mel Gibson,Braveheart Scottish warrior William Wallace leads his countrymen in a rebellion to free his homeland from the tyranny of King Edward I of England. Mel Gibson Sophie Marceau Mel Gibson
Reservoir Dogs,"When a simple jewelry heist goes horribly wrong, the surviving criminals begin to suspect that one of them is a police informant.",Harvey Keitel,Tim Roth,Quentin Tarantino,"Reservoir Dogs When a simple jewelry heist goes horribly wrong, the surviving criminals begin to suspect that one of them is a police informant. Harvey Keitel Tim Roth Quentin Tarantino"
Full Metal Jacket,A pragmatic U.S. Marine observes the dehumanizing effects the Vietnam War has on his fellow recruits from their brutal boot camp training to the bloody street fighting in Hue.,Matthew Modine,R. Lee Ermey,Stanley Kubrick,Full Metal Jacket A pragmatic U.S. Marine observes the dehumanizing effects the Vietnam War has on his fellow recruits from their brutal boot camp training to the bloody street fighting in Hue. Matthew Modine R. Lee Ermey Stanley Kubrick
Idi i smotri,"After finding an old rifle, a young boy joins the Soviet resistance movement against ruthless German forces and experiences the horrors of World War II.",Aleksey Kravchenko,Olga Mironova,Elem Klimov,"Idi i smotri After finding an old rifle, a young boy joins the Soviet resistance movement against ruthless German forces and experiences the horrors of World War II. Aleksey Kravchenko Olga Mironova Elem Klimov"
Aliens,"Fifty-seven years after surviving an apocalyptic attack aboard her space vessel by merciless space creatures, Officer Ripley awakens from hyper-sleep and tries to warn anyone who will listen about the predators.",Sigourney Weaver,Michael Biehn,James Cameron,"Aliens Fifty-seven years after surviving an apocalyptic attack aboard her space vessel by merciless space creatures, Officer Ripley awakens from hyper-sleep and tries to warn anyone who will listen about the predators. Sigourney Weaver Michael Biehn James Cameron"
Amadeus,"The life, success and troubles of Wolfgang Amadeus Mozart, as told by Antonio Salieri, the contemporaneous composer who was insanely jealous of Mozart's talent and claimed to have murdered him.",F. Murray Abraham,Tom Hulce,Milos Forman,"Amadeus The life, success and troubles of Wolfgang Amadeus Mozart, as told by Antonio Salieri, the contemporaneous composer who was insanely jealous of Mozart's talent and claimed to have murdered him. F. Murray Abraham Tom Hulce Milos Forman"
Scarface,"In 1980 Miami, a determined Cuban immigrant takes over a drug cartel and succumbs to greed.",Al Pacino,Michelle Pfeiffer,Brian De Palma,"Scarface In 1980 Miami, a determined Cuban immigrant takes over a drug cartel and succumbs to greed. Al Pacino Michelle Pfeiffer Brian De Palma"
Star Wars: Episode VI - Return of the Jedi,"After a daring mission to rescue Han Solo from Jabba the Hutt, the Rebels dispatch to Endor to destroy the second Death Star. Meanwhile, Luke struggles to help Darth Vader back from the dark side without falling into the Emperor's trap.",Mark Hamill,Harrison Ford,Richard Marquand,"Star Wars: Episode VI - Return of the Jedi After a daring mission to rescue Han Solo from Jabba the Hutt, the Rebels dispatch to Endor to destroy the second Death Star. Meanwhile, Luke struggles to help Darth Vader back from the dark side without falling into the Emperor's trap. Mark Hamill Harrison Ford Richard Marquand"
Das Boot,"The claustrophobic world of a WWII German U-boat; boredom, filth and sheer terror.",Jürgen Prochnow,Herbert Grönemeyer,Wolfgang Petersen,"Das Boot The claustrophobic world of a WWII German U-boat; boredom, filth and sheer terror. Jürgen Prochnow Herbert Grönemeyer Wolfgang Petersen"
Taxi Driver,"A mentally unstable veteran works as a nighttime taxi driver in New York City, where the perceived decadence and sleaze fuels his urge for violent action by attempting to liberate a presidential campaign worker and an underage prostitute.",Robert De Niro,Jodie Foster,Martin Scorsese,"Taxi Driver A mentally unstable veteran works as a nighttime taxi driver in New York City, where the perceived decadence and sleaze fuels his urge for violent action by attempting to liberate a presidential campaign worker and an underage prostitute. Robert De Niro Jodie Foster Martin Scorsese"
The Sting,Two grifters team up to pull off the ultimate con.,Paul Newman,Robert Redford,George Roy Hill,The Sting Two grifters team up to pull off the ultimate con. Paul Newman Robert Redford George Roy Hill
A Clockwork Orange,"In the future, a sadistic gang leader is imprisoned and volunteers for a conduct-aversion experiment, but it doesn't go as planned.",Malcolm McDowell,Patrick Magee,Stanley Kubrick,"A Clockwork Orange In the future, a sadistic gang leader is imprisoned and volunteers for a conduct-aversion experiment, but it doesn't go as planned. Malcolm McDowell Patrick Magee Stanley Kubrick"
2001: A Space Odyssey,"After discovering a mysterious artifact buried beneath the Lunar surface, mankind sets off on a quest to find its origins with help from intelligent supercomputer H.A.L. 9000.",Keir Dullea,Gary Lockwood,Stanley Kubrick,"2001: A Space Odyssey After discovering a mysterious artifact buried beneath the Lunar surface, mankind sets off on a quest to find its origins with help from intelligent supercomputer H.A.L. 9000. Keir Dullea Gary Lockwood Stanley Kubrick"
Per qualche dollaro in più,Two bounty hunters with the same intentions team up to track down a Western outlaw.,Clint Eastwood,Lee Van Cleef,Sergio Leone,Per qualche dollaro in più Two bounty hunters with the same intentions team up to track down a Western outlaw. Clint Eastwood Lee Van Cleef Sergio Leone
Lawrence of Arabia,"The story of T.E. Lawrence, the English officer who successfully united and led the diverse, often warring, Arab tribes during World War I in order to fight the Turks.",Peter O'Toole,Alec Guinness,David Lean,"Lawrence of Arabia The story of T.E. Lawrence, the English officer who successfully united and led the diverse, often warring, Arab tribes during World War I in order to fight the Turks. Peter O'Toole Alec Guinness David Lean"
The Apartment,"A man tries to rise in his company by letting its executives use his apartment for trysts, but complications and a romance of his own ensue.",Jack Lemmon,Shirley MacLaine,Billy Wilder,"The Apartment A man tries to rise in his company by letting its executives use his apartment for trysts, but complications and a romance of his own ensue. Jack Lemmon Shirley MacLaine Billy Wilder"
North by Northwest,A New York City advertising executive goes on the run after being mistaken for a government agent by a group of foreign spies.,Cary Grant,Eva Marie Saint,Alfred Hitchcock,North by Northwest A New York City advertising executive goes on the run after being mistaken for a government agent by a group of foreign spies. Cary Grant Eva Marie Saint Alfred Hitchcock
Vertigo,A former police detective juggles wrestling with his personal demons and becoming obsessed with a hauntingly beautiful woman.,James Stewart,Kim Novak,Alfred Hitchcock,Vertigo A former police detective juggles wrestling with his personal demons and becoming obsessed with a hauntingly beautiful woman. James Stewart Kim Novak Alfred Hitchcock
Singin' in the Rain,A silent film production company and cast make a difficult transition to sound.,Gene Kelly,Gene Kelly,Stanley Donen,Singin' in the Rain A silent film production company and cast make a difficult transition to sound. Gene Kelly Gene Kelly Stanley Donen
Ikiru,A bureaucrat tries to find a meaning in his life after he discovers he has terminal cancer.,Takashi Shimura,Nobuo Kaneko,Akira Kurosawa,Ikiru A bureaucrat tries to find a meaning in his life after he discovers he has terminal cancer. Takashi Shimura Nobuo Kaneko Akira Kurosawa
Ladri di biciclette,"In post-war Italy, a working-class man's bicycle is stolen. He and his son set out to find it.",Lamberto Maggiorani,Enzo Staiola,Vittorio De Sica,"Ladri di biciclette In post-war Italy, a working-class man's bicycle is stolen. He and his son set out to find it. Lamberto Maggiorani Enzo Staiola Vittorio De Sica"
Double Indemnity,An insurance representative lets himself be talked by a seductive housewife into a murder/insurance fraud scheme that arouses the suspicion of an insurance investigator.,Fred MacMurray,Barbara Stanwyck,Billy Wilder,Double Indemnity An insurance representative lets himself be talked by a seductive housewife into a murder/insurance fraud scheme that arouses the suspicion of an insurance investigator. Fred MacMurray Barbara Stanwyck Billy Wilder
Citizen Kane,"Following the death of publishing tycoon Charles Foster Kane, reporters scramble to uncover the meaning of his final utterance; 'Rosebud'.",Orson Welles,Joseph Cotten,Orson Welles,"Citizen Kane Following the death of publishing tycoon Charles Foster Kane, reporters scramble to uncover the meaning of his final utterance; 'Rosebud'. Orson Welles Joseph Cotten Orson Welles"
M - Eine Stadt sucht einen Mörder,"When the police in a German city are unable to catch a child-murderer, other criminals join in the manhunt.",Peter Lorre,Ellen Widmann,Fritz Lang,"M - Eine Stadt sucht einen Mörder When the police in a German city are unable to catch a child-murderer, other criminals join in the manhunt. Peter Lorre Ellen Widmann Fritz Lang"
Metropolis,"In a futuristic city sharply divided between the working class and the city planners, the son of the city's mastermind falls in love with a working-class prophet who predicts the coming of a savior to mediate their differences.",Brigitte Helm,Alfred Abel,Fritz Lang,"Metropolis In a futuristic city sharply divided between the working class and the city planners, the son of the city's mastermind falls in love with a working-class prophet who predicts the coming of a savior to mediate their differences. Brigitte Helm Alfred Abel Fritz Lang"
The Kid,"The Tramp cares for an abandoned child, but events put that relationship in jeopardy.",Charles Chaplin,Edna Purviance,Charles Chaplin,"The Kid The Tramp cares for an abandoned child, but events put that relationship in jeopardy. Charles Chaplin Edna Purviance Charles Chaplin"
Chhichhore,"A tragic incident forces Anirudh, a middle-aged man, to take a trip down memory lane and reminisce his college days along with his friends, who were labelled as losers.",Sushant Singh Rajput,Shraddha Kapoor,Nitesh Tiwari,"Chhichhore A tragic incident forces Anirudh, a middle-aged man, to take a trip down memory lane and reminisce his college days along with his friends, who were labelled as losers. Sushant Singh Rajput Shraddha Kapoor Nitesh Tiwari"
Uri: The Surgical Strike,"Indian army special forces execute a covert operation, avenging the killing of fellow army men at their base by a terrorist group.",Vicky Kaushal,Paresh Rawal,Aditya Dhar,"Uri: The Surgical Strike Indian army special forces execute a covert operation, avenging the killing of fellow army men at their base by a terrorist group. Vicky Kaushal Paresh Rawal Aditya Dhar"
K.G.F: Chapter 1,"In the 1970s, a fierce rebel rises against brutal oppression and becomes the symbol of hope to legions of downtrodden people.",Yash,Srinidhi Shetty,Prashanth Neel,"K.G.F: Chapter 1 In the 1970s, a fierce rebel rises against brutal oppression and becomes the symbol of hope to legions of downtrodden people. Yash Srinidhi Shetty Prashanth Neel"
Green Book,A working-class Italian-American bouncer becomes the driver of an African-American classical pianist on a tour of venues through the 1960s American South.,Viggo Mortensen,Mahershala Ali,Peter Farrelly,Green Book A working-class Italian-American bouncer becomes the driver of an African-American classical pianist on a tour of venues through the 1960s American South. Viggo Mortensen Mahershala Ali Peter Farrelly
"Three Billboards Outside Ebbing, Missouri",A mother personally challenges the local authorities to solve her daughter's murder when they fail to catch the culprit.,Frances McDormand,Woody Harrelson,Martin McDonagh,"Three Billboards Outside Ebbing, Missouri A mother personally challenges the local authorities to solve her daughter's murder when they fail to catch the culprit. Frances McDormand Woody Harrelson Martin McDonagh"
Talvar,An experienced investigator confronts several conflicting theories about the perpetrators of a violent double homicide.,Irrfan Khan,Konkona Sen Sharma,Meghna Gulzar,Talvar An experienced investigator confronts several conflicting theories about the perpetrators of a violent double homicide. Irrfan Khan Konkona Sen Sharma Meghna Gulzar
Baahubali 2: The Conclusion,"When Shiva, the son of Bahubali, learns about his heritage, he begins to look for answers. His story is juxtaposed with past events that unfolded in the Mahishmati Kingdom.",Prabhas,Rana Daggubati,S.S. Rajamouli,"Baahubali 2: The Conclusion When Shiva, the son of Bahubali, learns about his heritage, he begins to look for answers. His story is juxtaposed with past events that unfolded in the Mahishmati Kingdom. Prabhas Rana Daggubati S.S. Rajamouli"
Klaus,"A simple act of kindness always sparks another, even in a frozen, faraway place. When Smeerensburg's new postman, Jesper, befriends toymaker Klaus, their gifts melt an age-old feud and deliver a sleigh full of holiday traditions.",Carlos Martínez López,Jason Schwartzman,Sergio Pablos,"Klaus A simple act of kindness always sparks another, even in a frozen, faraway place. When Smeerensburg's new postman, Jesper, befriends toymaker Klaus, their gifts melt an age-old feud and deliver a sleigh full of holiday traditions. Carlos Martínez López Jason Schwartzman Sergio Pablos"
Drishyam,"Desperate measures are taken by a man who tries to save his family from the dark side of the law, after they commit an unexpected crime.",Ajay Devgn,Shriya Saran,Nishikant Kamat,"Drishyam Desperate measures are taken by a man who tries to save his family from the dark side of the law, after they commit an unexpected crime. Ajay Devgn Shriya Saran Nishikant Kamat"
Queen,A Delhi girl from a traditional family sets out on a solo honeymoon after her marriage gets cancelled.,Kangana Ranaut,Rajkummar Rao,Vikas Bahl,Queen A Delhi girl from a traditional family sets out on a solo honeymoon after her marriage gets cancelled. Kangana Ranaut Rajkummar Rao Vikas Bahl
Mandariinid,"In 1992, war rages in Abkhazia, a breakaway region of Georgia. An Estonian man Ivo has decided to stay behind and harvest his crops of tangerines. In a bloody conflict at his door, a wounded man is left behind, and Ivo takes him in.",Lembit Ulfsak,Elmo Nüganen,Zaza Urushadze,"Mandariinid In 1992, war rages in Abkhazia, a breakaway region of Georgia. An Estonian man Ivo has decided to stay behind and harvest his crops of tangerines. In a bloody conflict at his door, a wounded man is left behind, and Ivo takes him in. Lembit Ulfsak Elmo Nüganen Zaza Urushadze"
Bhaag Milkha Bhaag,The truth behind the ascension of Milkha Singh who was scarred because of the India-Pakistan partition.,Farhan Akhtar,Sonam Kapoor,Rakeysh Omprakash Mehra,Bhaag Milkha Bhaag The truth behind the ascension of Milkha Singh who was scarred because of the India-Pakistan partition. Farhan Akhtar Sonam Kapoor Rakeysh Omprakash Mehra
Gangs of Wasseypur,"A clash between Sultan and Shahid Khan leads to the expulsion of Khan from Wasseypur, and ignites a deadly blood feud spanning three generations.",Manoj Bajpayee,Richa Chadha,Anurag Kashyap,"Gangs of Wasseypur A clash between Sultan and Shahid Khan leads to the expulsion of Khan from Wasseypur, and ignites a deadly blood feud spanning three generations. Manoj Bajpayee Richa Chadha Anurag Kashyap"
Udaan,"Expelled from his school, a 16-year old boy returns home to his abusive and oppressive father.",Rajat Barmecha,Ronit Roy,Vikramaditya Motwane,"Udaan Expelled from his school, a 16-year old boy returns home to his abusive and oppressive father. Rajat Barmecha Ronit Roy Vikramaditya Motwane"
Paan Singh Tomar,"The story of Paan Singh Tomar, an Indian athlete and seven-time national steeplechase champion who becomes one of the most feared dacoits in Chambal Valley after his retirement.",Irrfan Khan,Mahie Gill,Tigmanshu Dhulia,"Paan Singh Tomar The story of Paan Singh Tomar, an Indian athlete and seven-time national steeplechase champion who becomes one of the most feared dacoits in Chambal Valley after his retirement. Irrfan Khan Mahie Gill Tigmanshu Dhulia"
El secreto de sus ojos,A retired legal counselor writes a novel hoping to find closure for one of his past unresolved homicide cases and for his unreciprocated love with his superior - both of which still haunt him decades later.,Ricardo Darín,Soledad Villamil,Juan José Campanella,El secreto de sus ojos A retired legal counselor writes a novel hoping to find closure for one of his past unresolved homicide cases and for his unreciprocated love with his superior - both of which still haunt him decades later. Ricardo Darín Soledad Villamil Juan José Campanella
Warrior,"The youngest son of an alcoholic former boxer returns home, where he's trained by his father for competition in a mixed martial arts tournament - a path that puts the fighter on a collision course with his estranged, older brother.",Tom Hardy,Nick Nolte,Gavin O'Connor,"Warrior The youngest son of an alcoholic former boxer returns home, where he's trained by his father for competition in a mixed martial arts tournament - a path that puts the fighter on a collision course with his estranged, older brother. Tom Hardy Nick Nolte Gavin O'Connor"
Shutter Island,"In 1954, a U.S. Marshal investigates the disappearance of a murderer who escaped from a hospital for the criminally insane.",Leonardo DiCaprio,Emily Mortimer,Martin Scorsese,"Shutter Island In 1954, a U.S. Marshal investigates the disappearance of a murderer who escaped from a hospital for the criminally insane. Leonardo DiCaprio Emily Mortimer Martin Scorsese"
Up,"78-year-old Carl Fredricksen travels to Paradise Falls in his house equipped with balloons, inadvertently taking a young stowaway.",Bob Peterson,Edward Asner,Pete Docter,"Up 78-year-old Carl Fredricksen travels to Paradise Falls in his house equipped with balloons, inadvertently taking a young stowaway. Bob Peterson Edward Asner Pete Docter"
The Wolf of Wall Street,"Based on the true story of Jordan Belfort, from his rise to a wealthy stock-broker living the high life to his fall involving crime, corruption and the federal government.",Leonardo DiCaprio,Jonah Hill,Martin Scorsese,"The Wolf of Wall Street Based on the true story of Jordan Belfort, from his rise to a wealthy stock-broker living the high life to his fall involving crime, corruption and the federal government. Leonardo DiCaprio Jonah Hill Martin Scorsese"
Chak De! India,Kabir Khan is the coach of the Indian Women's National Hockey Team and his dream is to make his all girls team emerge victorious against all odds.,Shah Rukh Khan,Vidya Malvade,Shimit Amin,Chak De! India Kabir Khan is the coach of the Indian Women's National Hockey Team and his dream is to make his all girls team emerge victorious against all odds. Shah Rukh Khan Vidya Malvade Shimit Amin
There Will Be Blood,"A story of family, religion, hatred, oil and madness, focusing on a turn-of-the-century prospector in the early days of the business.",Daniel Day-Lewis,Paul Dano,Paul Thomas Anderson,"There Will Be Blood A story of family, religion, hatred, oil and madness, focusing on a turn-of-the-century prospector in the early days of the business. Daniel Day-Lewis Paul Dano Paul Thomas Anderson"
Pan's Labyrinth,"In the Falangist Spain of 1944, the bookish young stepdaughter of a sadistic army officer escapes into an eerie but captivating fantasy world.",Ivana Baquero,Ariadna Gil,Guillermo del Toro,"Pan's Labyrinth In the Falangist Spain of 1944, the bookish young stepdaughter of a sadistic army officer escapes into an eerie but captivating fantasy world. Ivana Baquero Ariadna Gil Guillermo del Toro"
Toy Story 3,"The toys are mistakenly delivered to a day-care center instead of the attic right before Andy leaves for college, and it's up to Woody to convince the other toys that they weren't abandoned and to return home.",Tom Hanks,Tim Allen,Lee Unkrich,"Toy Story 3 The toys are mistakenly delivered to a day-care center instead of the attic right before Andy leaves for college, and it's up to Woody to convince the other toys that they weren't abandoned and to return home. Tom Hanks Tim Allen Lee Unkrich"
V for Vendetta,"In a future British tyranny, a shadowy freedom fighter, known only by the alias of ""V"", plots to overthrow it with the help of a young woman.",Hugo Weaving,Natalie Portman,James McTeigue,"V for Vendetta In a future British tyranny, a shadowy freedom fighter, known only by the alias of ""V"", plots to overthrow it with the help of a young woman. Hugo Weaving Natalie Portman James McTeigue"
Rang De Basanti,"The story of six young Indians who assist an English woman to film a documentary on the freedom fighters from their past, and the events that lead them to relive the long-forgotten saga of freedom.",Aamir Khan,Soha Ali Khan,Rakeysh Omprakash Mehra,"Rang De Basanti The story of six young Indians who assist an English woman to film a documentary on the freedom fighters from their past, and the events that lead them to relive the long-forgotten saga of freedom. Aamir Khan Soha Ali Khan Rakeysh Omprakash Mehra"
Black,"The cathartic tale of a young woman who can't see, hear or talk and the teacher who brings a ray of light into her dark world.",Amitabh Bachchan,Rani Mukerji,Sanjay Leela Bhansali,"Black The cathartic tale of a young woman who can't see, hear or talk and the teacher who brings a ray of light into her dark world. Amitabh Bachchan Rani Mukerji Sanjay Leela Bhansali"
Batman Begins,"After training with his mentor, Batman begins his fight to free crime-ridden Gotham City from corruption.",Christian Bale,Michael Caine,Christopher Nolan,"Batman Begins After training with his mentor, Batman begins his fight to free crime-ridden Gotham City from corruption. Christian Bale Michael Caine Christopher Nolan"
"Swades: We, the People",A successful Indian scientist returns to an Indian village to take his nanny to America with him and in the process rediscovers his roots.,Shah Rukh Khan,Gayatri Joshi,Ashutosh Gowariker,"Swades: We, the People A successful Indian scientist returns to an Indian village to take his nanny to America with him and in the process rediscovers his roots. Shah Rukh Khan Gayatri Joshi Ashutosh Gowariker"
Der Untergang,"Traudl Junge, the final secretary for Adolf Hitler, tells of the Nazi dictator's final days in his Berlin bunker at the end of WWII.",Bruno Ganz,Alexandra Maria Lara,Oliver Hirschbiegel,"Der Untergang Traudl Junge, the final secretary for Adolf Hitler, tells of the Nazi dictator's final days in his Berlin bunker at the end of WWII. Bruno Ganz Alexandra Maria Lara Oliver Hirschbiegel"
Hauru no ugoku shiro,"When an unconfident young woman is cursed with an old body by a spiteful witch, her only chance of breaking the spell lies with a self-indulgent yet insecure young wizard and his companions in his legged, walking castle.",Chieko Baishô,Takuya Kimura,Hayao Miyazaki,"Hauru no ugoku shiro When an unconfident young woman is cursed with an old body by a spiteful witch, her only chance of breaking the spell lies with a self-indulgent yet insecure young wizard and his companions in his legged, walking castle. Chieko Baishô Takuya Kimura Hayao Miyazaki"
A Beautiful Mind,"After John Nash, a brilliant but asocial mathematician, accepts secret work in cryptography, his life takes a turn for the nightmarish.",Russell Crowe,Ed Harris,Ron Howard,"A Beautiful Mind After John Nash, a brilliant but asocial mathematician, accepts secret work in cryptography, his life takes a turn for the nightmarish. Russell Crowe Ed Harris Ron Howard"
Hera Pheri,"Three unemployed men look for answers to all their money problems - but when their opportunity arrives, will they know what to do with it?",Akshay Kumar,Sunil Shetty,Priyadarshan,"Hera Pheri Three unemployed men look for answers to all their money problems - but when their opportunity arrives, will they know what to do with it? Akshay Kumar Sunil Shetty Priyadarshan"
"Lock, Stock and Two Smoking Barrels","A botched card game in London triggers four friends, thugs, weed-growers, hard gangsters, loan sharks and debt collectors to collide with each other in a series of unexpected events, all for the sake of weed, cash and two antique shotguns.",Jason Flemyng,Dexter Fletcher,Guy Ritchie,"Lock, Stock and Two Smoking Barrels A botched card game in London triggers four friends, thugs, weed-growers, hard gangsters, loan sharks and debt collectors to collide with each other in a series of unexpected events, all for the sake of weed, cash and two antique shotguns. Jason Flemyng Dexter Fletcher Guy Ritchie"
L.A. Confidential,"As corruption grows in 1950s Los Angeles, three policemen - one strait-laced, one brutal, and one sleazy - investigate a series of murders with their own brand of justice.",Kevin Spacey,Russell Crowe,Curtis Hanson,"L.A. Confidential As corruption grows in 1950s Los Angeles, three policemen - one strait-laced, one brutal, and one sleazy - investigate a series of murders with their own brand of justice. Kevin Spacey Russell Crowe Curtis Hanson"
Eskiya,"Baran the Bandit, released from prison after 35 years, searches for vengeance and his lover.",Sener Sen,Ugur Yücel,Yavuz Turgul,"Eskiya Baran the Bandit, released from prison after 35 years, searches for vengeance and his lover. Sener Sen Ugur Yücel Yavuz Turgul"
Heat,A group of professional bank robbers start to feel the heat from police when they unknowingly leave a clue at their latest heist.,Al Pacino,Robert De Niro,Michael Mann,Heat A group of professional bank robbers start to feel the heat from police when they unknowingly leave a clue at their latest heist. Al Pacino Robert De Niro Michael Mann
Casino,"A tale of greed, deception, money, power, and murder occur between two best friends: a mafia enforcer and a casino executive compete against each other over a gambling empire, and over a fast-living and fast-loving socialite.",Robert De Niro,Sharon Stone,Martin Scorsese,"Casino A tale of greed, deception, money, power, and murder occur between two best friends: a mafia enforcer and a casino executive compete against each other over a gambling empire, and over a fast-living and fast-loving socialite. Robert De Niro Sharon Stone Martin Scorsese"
Andaz Apna Apna,Two slackers competing for the affections of an heiress inadvertently become her protectors from an evil criminal.,Aamir Khan,Salman Khan,Rajkumar Santoshi,Andaz Apna Apna Two slackers competing for the affections of an heiress inadvertently become her protectors from an evil criminal. Aamir Khan Salman Khan Rajkumar Santoshi
Unforgiven,"Retired Old West gunslinger William Munny reluctantly takes on one last job, with the help of his old partner Ned Logan and a young man, The ""Schofield Kid.""",Clint Eastwood,Gene Hackman,Clint Eastwood,"Unforgiven Retired Old West gunslinger William Munny reluctantly takes on one last job, with the help of his old partner Ned Logan and a young man, The ""Schofield Kid."" Clint Eastwood Gene Hackman Clint Eastwood"
Indiana Jones and the Last Crusade,"In 1938, after his father Professor Henry Jones, Sr. goes missing while pursuing the Holy Grail, Professor Henry ""Indiana"" Jones, Jr. finds himself up against Adolf Hitler's Nazis again to stop them from obtaining its powers.",Harrison Ford,Sean Connery,Steven Spielberg,"Indiana Jones and the Last Crusade In 1938, after his father Professor Henry Jones, Sr. goes missing while pursuing the Holy Grail, Professor Henry ""Indiana"" Jones, Jr. finds himself up against Adolf Hitler's Nazis again to stop them from obtaining its powers. Harrison Ford Sean Connery Steven Spielberg"
Dom za vesanje,"In this luminous tale set in the area around Sarajevo and in Italy, Perhan, an engaging young Romany (gypsy) with telekinetic powers, is seduced by the quick-cash world of petty crime, which threatens to destroy him and those he loves.",Davor Dujmovic,Bora Todorovic,Emir Kusturica,"Dom za vesanje In this luminous tale set in the area around Sarajevo and in Italy, Perhan, an engaging young Romany (gypsy) with telekinetic powers, is seduced by the quick-cash world of petty crime, which threatens to destroy him and those he loves. Davor Dujmovic Bora Todorovic Emir Kusturica"
Tonari no Totoro,"When two girls move to the country to be near their ailing mother, they have adventures with the wondrous forest spirits who live nearby.",Hitoshi Takagi,Noriko Hidaka,Hayao Miyazaki,"Tonari no Totoro When two girls move to the country to be near their ailing mother, they have adventures with the wondrous forest spirits who live nearby. Hitoshi Takagi Noriko Hidaka Hayao Miyazaki"
Die Hard,An NYPD officer tries to save his wife and several others taken hostage by German terrorists during a Christmas party at the Nakatomi Plaza in Los Angeles.,Bruce Willis,Alan Rickman,John McTiernan,Die Hard An NYPD officer tries to save his wife and several others taken hostage by German terrorists during a Christmas party at the Nakatomi Plaza in Los Angeles. Bruce Willis Alan Rickman John McTiernan
Ran,"In Medieval Japan, an elderly warlord retires, handing over his empire to his three sons. However, he vastly underestimates how the new-found power will corrupt them and cause them to turn on each other...and him.",Tatsuya Nakadai,Akira Terao,Akira Kurosawa,"Ran In Medieval Japan, an elderly warlord retires, handing over his empire to his three sons. However, he vastly underestimates how the new-found power will corrupt them and cause them to turn on each other...and him. Tatsuya Nakadai Akira Terao Akira Kurosawa"
Raging Bull,"The life of boxer Jake LaMotta, whose violence and temper that led him to the top in the ring destroyed his life outside of it.",Robert De Niro,Cathy Moriarty,Martin Scorsese,"Raging Bull The life of boxer Jake LaMotta, whose violence and temper that led him to the top in the ring destroyed his life outside of it. Robert De Niro Cathy Moriarty Martin Scorsese"
Stalker,A guide leads two men through an area known as the Zone to find a room that grants wishes.,Alisa Freyndlikh,Aleksandr Kaydanovskiy,Andrei Tarkovsky,Stalker A guide leads two men through an area known as the Zone to find a room that grants wishes. Alisa Freyndlikh Aleksandr Kaydanovskiy Andrei Tarkovsky
Höstsonaten,"A married daughter who longs for her mother's love is visited by the latter, a successful concert pianist.",Ingrid Bergman,Liv Ullmann,Ingmar Bergman,"Höstsonaten A married daughter who longs for her mother's love is visited by the latter, a successful concert pianist. Ingrid Bergman Liv Ullmann Ingmar Bergman"
The Message,This epic historical drama chronicles the life and times of Prophet Muhammad and serves as an introduction to early Islamic history.,Anthony Quinn,Irene Papas,Moustapha Akkad,The Message This epic historical drama chronicles the life and times of Prophet Muhammad and serves as an introduction to early Islamic history. Anthony Quinn Irene Papas Moustapha Akkad
Sholay,"After his family is murdered by a notorious and ruthless bandit, a former police officer enlists the services of two outlaws to capture the bandit.",Sanjeev Kumar,Dharmendra,Ramesh Sippy,"Sholay After his family is murdered by a notorious and ruthless bandit, a former police officer enlists the services of two outlaws to capture the bandit. Sanjeev Kumar Dharmendra Ramesh Sippy"
Monty Python and the Holy Grail,"King Arthur and his Knights of the Round Table embark on a surreal, low-budget search for the Holy Grail, encountering many, very silly obstacles.",Terry Jones,Graham Chapman,Terry Gilliam,"Monty Python and the Holy Grail King Arthur and his Knights of the Round Table embark on a surreal, low-budget search for the Holy Grail, encountering many, very silly obstacles. Terry Jones Graham Chapman Terry Gilliam"
The Great Escape,Allied prisoners of war plan for several hundred of their number to escape from a German camp during World War II.,Steve McQueen,James Garner,John Sturges,The Great Escape Allied prisoners of war plan for several hundred of their number to escape from a German camp during World War II. Steve McQueen James Garner John Sturges
To Kill a Mockingbird,"Atticus Finch, a lawyer in the Depression-era South, defends a black man against an undeserved rape charge, and his children against prejudice.",Gregory Peck,John Megna,Robert Mulligan,"To Kill a Mockingbird Atticus Finch, a lawyer in the Depression-era South, defends a black man against an undeserved rape charge, and his children against prejudice. Gregory Peck John Megna Robert Mulligan"
Yôjinbô,A crafty ronin comes to a town divided by two criminal gangs and decides to play them against each other to free the town.,Toshirô Mifune,Eijirô Tôno,Akira Kurosawa,Yôjinbô A crafty ronin comes to a town divided by two criminal gangs and decides to play them against each other to free the town. Toshirô Mifune Eijirô Tôno Akira Kurosawa
Judgment at Nuremberg,"In 1948, an American court in occupied Germany tries four Nazis judged for war crimes.",Spencer Tracy,Burt Lancaster,Stanley Kramer,"Judgment at Nuremberg In 1948, an American court in occupied Germany tries four Nazis judged for war crimes. Spencer Tracy Burt Lancaster Stanley Kramer"
Some Like It Hot,"After two male musicians witness a mob hit, they flee the state in an all-female band disguised as women, but further complications set in.",Marilyn Monroe,Tony Curtis,Billy Wilder,"Some Like It Hot After two male musicians witness a mob hit, they flee the state in an all-female band disguised as women, but further complications set in. Marilyn Monroe Tony Curtis Billy Wilder"
Smultronstället,"After living a life marked by coldness, an aging professor is forced to confront the emptiness of his existence.",Victor Sjöström,Bibi Andersson,Ingmar Bergman,"Smultronstället After living a life marked by coldness, an aging professor is forced to confront the emptiness of his existence. Victor Sjöström Bibi Andersson Ingmar Bergman"
Det sjunde inseglet,"A man seeks answers about life, death, and the existence of God as he plays chess against the Grim Reaper during the Black Plague.",Max von Sydow,Gunnar Björnstrand,Ingmar Bergman,"Det sjunde inseglet A man seeks answers about life, death, and the existence of God as he plays chess against the Grim Reaper during the Black Plague. Max von Sydow Gunnar Björnstrand Ingmar Bergman"
Du rififi chez les hommes,"Four men plan a technically perfect crime, but the human element intervenes...",Jean Servais,Carl Möhner,Jules Dassin,"Du rififi chez les hommes Four men plan a technically perfect crime, but the human element intervenes... Jean Servais Carl Möhner Jules Dassin"
Dial M for Murder,A former tennis player tries to arrange his wife's murder after learning of her affair.,Ray Milland,Grace Kelly,Alfred Hitchcock,Dial M for Murder A former tennis player tries to arrange his wife's murder after learning of her affair. Ray Milland Grace Kelly Alfred Hitchcock
Tôkyô monogatari,"An old couple visit their children and grandchildren in the city, but receive little attention.",Chishû Ryû,Chieko Higashiyama,Yasujirô Ozu,"Tôkyô monogatari An old couple visit their children and grandchildren in the city, but receive little attention. Chishû Ryû Chieko Higashiyama Yasujirô Ozu"
Rashômon,"The rape of a bride and the murder of her samurai husband are recalled from the perspectives of a bandit, the bride, the samurai's ghost and a woodcutter.",Toshirô Mifune,Machiko Kyô,Akira Kurosawa,"Rashômon The rape of a bride and the murder of her samurai husband are recalled from the perspectives of a bandit, the bride, the samurai's ghost and a woodcutter. Toshirô Mifune Machiko Kyô Akira Kurosawa"
All About Eve,A seemingly timid but secretly ruthless ingénue insinuates herself into the lives of an aging Broadway star and her circle of theater friends.,Bette Davis,Anne Baxter,Joseph L. Mankiewicz,All About Eve A seemingly timid but secretly ruthless ingénue insinuates herself into the lives of an aging Broadway star and her circle of theater friends. Bette Davis Anne Baxter Joseph L. Mankiewicz
The Treasure of the Sierra Madre,Two Americans searching for work in Mexico convince an old prospector to help them mine for gold in the Sierra Madre Mountains.,Humphrey Bogart,Walter Huston,John Huston,The Treasure of the Sierra Madre Two Americans searching for work in Mexico convince an old prospector to help them mine for gold in the Sierra Madre Mountains. Humphrey Bogart Walter Huston John Huston
To Be or Not to Be,"During the Nazi occupation of Poland, an acting troupe becomes embroiled in a Polish soldier's efforts to track down a German spy.",Carole Lombard,Jack Benny,Ernst Lubitsch,"To Be or Not to Be During the Nazi occupation of Poland, an acting troupe becomes embroiled in a Polish soldier's efforts to track down a German spy. Carole Lombard Jack Benny Ernst Lubitsch"
The Gold Rush,A prospector goes to the Klondike in search of gold and finds it and more.,Charles Chaplin,Mack Swain,Charles Chaplin,The Gold Rush A prospector goes to the Klondike in search of gold and finds it and more. Charles Chaplin Mack Swain Charles Chaplin
Sherlock Jr.,"A film projectionist longs to be a detective, and puts his meagre skills to work when he is framed by a rival for stealing his girlfriend's father's pocketwatch.",Buster Keaton,Kathryn McGuire,Buster Keaton,"Sherlock Jr. A film projectionist longs to be a detective, and puts his meagre skills to work when he is framed by a rival for stealing his girlfriend's father's pocketwatch. Buster Keaton Kathryn McGuire Buster Keaton"
Portrait de la jeune fille en feu,"On an isolated island in Brittany at the end of the eighteenth century, a female painter is obliged to paint a wedding portrait of a young woman.",Noémie Merlant,Adèle Haenel,Céline Sciamma,"Portrait de la jeune fille en feu On an isolated island in Brittany at the end of the eighteenth century, a female painter is obliged to paint a wedding portrait of a young woman. Noémie Merlant Adèle Haenel Céline Sciamma"
Pink,"When three young women are implicated in a crime, a retired lawyer steps forward to help them clear their names.",Taapsee Pannu,Amitabh Bachchan,Aniruddha Roy Chowdhury,"Pink When three young women are implicated in a crime, a retired lawyer steps forward to help them clear their names. Taapsee Pannu Amitabh Bachchan Aniruddha Roy Chowdhury"
Koe no katachi,"A young man is ostracized by his classmates after he bullies a deaf girl to the point where she moves away. Years later, he sets off on a path for redemption.",Miyu Irino,Saori Hayami,Naoko Yamada,"Koe no katachi A young man is ostracized by his classmates after he bullies a deaf girl to the point where she moves away. Years later, he sets off on a path for redemption. Miyu Irino Saori Hayami Naoko Yamada"
Contratiempo,A successful entrepreneur accused of murder and a witness preparation expert have less than three hours to come up with an impregnable defense.,Mario Casas,Ana Wagener,Oriol Paulo,Contratiempo A successful entrepreneur accused of murder and a witness preparation expert have less than three hours to come up with an impregnable defense. Mario Casas Ana Wagener Oriol Paulo
Ah-ga-ssi,"A woman is hired as a handmaiden to a Japanese heiress, but secretly she is involved in a plot to defraud her.",Kim Min-hee,Jung-woo Ha,Chan-wook Park,"Ah-ga-ssi A woman is hired as a handmaiden to a Japanese heiress, but secretly she is involved in a plot to defraud her. Kim Min-hee Jung-woo Ha Chan-wook Park"
Mommy,"A widowed single mother, raising her violent son alone, finds new hope when a mysterious neighbor inserts herself into their household.",Anne Dorval,Antoine Olivier Pilon,Xavier Dolan,"Mommy A widowed single mother, raising her violent son alone, finds new hope when a mysterious neighbor inserts herself into their household. Anne Dorval Antoine Olivier Pilon Xavier Dolan"
Haider,"A young man returns to Kashmir after his father's disappearance to confront his uncle, whom he suspects of playing a role in his father's fate.",Shahid Kapoor,Tabu,Vishal Bhardwaj,"Haider A young man returns to Kashmir after his father's disappearance to confront his uncle, whom he suspects of playing a role in his father's fate. Shahid Kapoor Tabu Vishal Bhardwaj"
Logan,"In a future where mutants are nearly extinct, an elderly and weary Logan leads a quiet life. But when Laura, a mutant child pursued by scientists, comes to him for help, he must get her to safety.",Hugh Jackman,Patrick Stewart,James Mangold,"Logan In a future where mutants are nearly extinct, an elderly and weary Logan leads a quiet life. But when Laura, a mutant child pursued by scientists, comes to him for help, he must get her to safety. Hugh Jackman Patrick Stewart James Mangold"
Room,"Held captive for 7 years in an enclosed space, a woman and her young son finally gain their freedom, allowing the boy to experience the outside world for the first time.",Brie Larson,Jacob Tremblay,Lenny Abrahamson,"Room Held captive for 7 years in an enclosed space, a woman and her young son finally gain their freedom, allowing the boy to experience the outside world for the first time. Brie Larson Jacob Tremblay Lenny Abrahamson"
Relatos salvajes,Six short stories that explore the extremities of human behavior involving people in distress.,Darío Grandinetti,María Marull,Damián Szifron,Relatos salvajes Six short stories that explore the extremities of human behavior involving people in distress. Darío Grandinetti María Marull Damián Szifron
Soul,"After landing the gig of a lifetime, a New York jazz pianist suddenly finds himself trapped in a strange land between Earth and the afterlife.",Kemp Powers,Jamie Foxx,Pete Docter,"Soul After landing the gig of a lifetime, a New York jazz pianist suddenly finds himself trapped in a strange land between Earth and the afterlife. Kemp Powers Jamie Foxx Pete Docter"
Kis Uykusu,A hotel owner and landlord in a remote Turkish village deals with conflicts within his family and a tenant behind on his rent.,Haluk Bilginer,Melisa Sözen,Nuri Bilge Ceylan,Kis Uykusu A hotel owner and landlord in a remote Turkish village deals with conflicts within his family and a tenant behind on his rent. Haluk Bilginer Melisa Sözen Nuri Bilge Ceylan
PK,An alien on Earth loses the only device he can use to communicate with his spaceship. His innocent nature and child-like questions force the country to evaluate the impact of religion on its people.,Aamir Khan,Anushka Sharma,Rajkumar Hirani,PK An alien on Earth loses the only device he can use to communicate with his spaceship. His innocent nature and child-like questions force the country to evaluate the impact of religion on its people. Aamir Khan Anushka Sharma Rajkumar Hirani
OMG: Oh My God!,A shopkeeper takes God to court when his shop is destroyed by an earthquake.,Paresh Rawal,Akshay Kumar,Umesh Shukla,OMG: Oh My God! A shopkeeper takes God to court when his shop is destroyed by an earthquake. Paresh Rawal Akshay Kumar Umesh Shukla
The Grand Budapest Hotel,"A writer encounters the owner of an aging high-class hotel, who tells him of his early years serving as a lobby boy in the hotel's glorious years under an exceptional concierge.",Ralph Fiennes,F. Murray Abraham,Wes Anderson,"The Grand Budapest Hotel A writer encounters the owner of an aging high-class hotel, who tells him of his early years serving as a lobby boy in the hotel's glorious years under an exceptional concierge. Ralph Fiennes F. Murray Abraham Wes Anderson"
Gone Girl,"With his wife's disappearance having become the focus of an intense media circus, a man sees the spotlight turned on him when it's suspected that he may not be innocent.",Ben Affleck,Rosamund Pike,David Fincher,"Gone Girl With his wife's disappearance having become the focus of an intense media circus, a man sees the spotlight turned on him when it's suspected that he may not be innocent. Ben Affleck Rosamund Pike David Fincher"
Ôkami kodomo no Ame to Yuki,"After her werewolf lover unexpectedly dies in an accident while hunting for food for their children, a young woman must find ways to raise the werewolf son and daughter that she had with him while keeping their trait hidden from society.",Aoi Miyazaki,Takao Osawa,Mamoru Hosoda,"Ôkami kodomo no Ame to Yuki After her werewolf lover unexpectedly dies in an accident while hunting for food for their children, a young woman must find ways to raise the werewolf son and daughter that she had with him while keeping their trait hidden from society. Aoi Miyazaki Takao Osawa Mamoru Hosoda"
Hacksaw Ridge,"World War II American Army Medic Desmond T. Doss, who served during the Battle of Okinawa, refuses to kill people, and becomes the first man in American history to receive the Medal of Honor without firing a shot.",Andrew Garfield,Sam Worthington,Mel Gibson,"Hacksaw Ridge World War II American Army Medic Desmond T. Doss, who served during the Battle of Okinawa, refuses to kill people, and becomes the first man in American history to receive the Medal of Honor without firing a shot. Andrew Garfield Sam Worthington Mel Gibson"
Inside Out,"After young Riley is uprooted from her Midwest life and moved to San Francisco, her emotions - Joy, Fear, Anger, Disgust and Sadness - conflict on how best to navigate a new city, house, and school.",Ronnie Del Carmen,Amy Poehler,Pete Docter,"Inside Out After young Riley is uprooted from her Midwest life and moved to San Francisco, her emotions - Joy, Fear, Anger, Disgust and Sadness - conflict on how best to navigate a new city, house, and school. Ronnie Del Carmen Amy Poehler Pete Docter"
Barfi!,Three young people learn that love can neither be defined nor contained by society's definition of normal and abnormal.,Ranbir Kapoor,Priyanka Chopra,Anurag Basu,Barfi! Three young people learn that love can neither be defined nor contained by society's definition of normal and abnormal. Ranbir Kapoor Priyanka Chopra Anurag Basu
12 Years a Slave,"In the antebellum United States, Solomon Northup, a free black man from upstate New York, is abducted and sold into slavery.",Chiwetel Ejiofor,Michael Kenneth Williams,Steve McQueen,"12 Years a Slave In the antebellum United States, Solomon Northup, a free black man from upstate New York, is abducted and sold into slavery. Chiwetel Ejiofor Michael Kenneth Williams Steve McQueen"
Rush,The merciless 1970s rivalry between Formula One rivals James Hunt and Niki Lauda.,Daniel Brühl,Chris Hemsworth,Ron Howard,Rush The merciless 1970s rivalry between Formula One rivals James Hunt and Niki Lauda. Daniel Brühl Chris Hemsworth Ron Howard
Ford v Ferrari,American car designer Carroll Shelby and driver Ken Miles battle corporate interference and the laws of physics to build a revolutionary race car for Ford in order to defeat Ferrari at the 24 Hours of Le Mans in 1966.,Matt Damon,Christian Bale,James Mangold,Ford v Ferrari American car designer Carroll Shelby and driver Ken Miles battle corporate interference and the laws of physics to build a revolutionary race car for Ford in order to defeat Ferrari at the 24 Hours of Le Mans in 1966. Matt Damon Christian Bale James Mangold
Spotlight,"The true story of how the Boston Globe uncovered the massive scandal of child molestation and cover-up within the local Catholic Archdiocese, shaking the entire Catholic Church to its core.",Mark Ruffalo,Michael Keaton,Tom McCarthy,"Spotlight The true story of how the Boston Globe uncovered the massive scandal of child molestation and cover-up within the local Catholic Archdiocese, shaking the entire Catholic Church to its core. Mark Ruffalo Michael Keaton Tom McCarthy"
Song of the Sea,"Ben, a young Irish boy, and his little sister Saoirse, a girl who can turn into a seal, go on an adventure to free the fairies and save the spirit world.",David Rawle,Brendan Gleeson,Tomm Moore,"Song of the Sea Ben, a young Irish boy, and his little sister Saoirse, a girl who can turn into a seal, go on an adventure to free the fairies and save the spirit world. David Rawle Brendan Gleeson Tomm Moore"
Kahaani,"A pregnant woman's search for her missing husband takes her from London to Kolkata, but everyone she questions denies having ever met him.",Vidya Balan,Parambrata Chattopadhyay,Sujoy Ghosh,"Kahaani A pregnant woman's search for her missing husband takes her from London to Kolkata, but everyone she questions denies having ever met him. Vidya Balan Parambrata Chattopadhyay Sujoy Ghosh"
Zindagi Na Milegi Dobara,Three friends decide to turn their fantasy vacation into reality after one of their friends gets engaged.,Hrithik Roshan,Farhan Akhtar,Zoya Akhtar,Zindagi Na Milegi Dobara Three friends decide to turn their fantasy vacation into reality after one of their friends gets engaged. Hrithik Roshan Farhan Akhtar Zoya Akhtar
Prisoners,"When Keller Dover's daughter and her friend go missing, he takes matters into his own hands as the police pursue multiple leads and the pressure mounts.",Hugh Jackman,Jake Gyllenhaal,Denis Villeneuve,"Prisoners When Keller Dover's daughter and her friend go missing, he takes matters into his own hands as the police pursue multiple leads and the pressure mounts. Hugh Jackman Jake Gyllenhaal Denis Villeneuve"
Mad Max: Fury Road,"In a post-apocalyptic wasteland, a woman rebels against a tyrannical ruler in search for her homeland with the aid of a group of female prisoners, a psychotic worshiper, and a drifter named Max.",Tom Hardy,Charlize Theron,George Miller,"Mad Max: Fury Road In a post-apocalyptic wasteland, a woman rebels against a tyrannical ruler in search for her homeland with the aid of a group of female prisoners, a psychotic worshiper, and a drifter named Max. Tom Hardy Charlize Theron George Miller"
A Wednesday,A retiring police officer reminisces about the most astounding day of his career. About a case that was never filed but continues to haunt him in his memories - the case of a man and a Wednesday.,Anupam Kher,Naseeruddin Shah,Neeraj Pandey,A Wednesday A retiring police officer reminisces about the most astounding day of his career. About a case that was never filed but continues to haunt him in his memories - the case of a man and a Wednesday. Anupam Kher Naseeruddin Shah Neeraj Pandey
Gran Torino,"Disgruntled Korean War veteran Walt Kowalski sets out to reform his neighbor, Thao Lor, a Hmong teenager who tried to steal Kowalski's prized possession: a 1972 Gran Torino.",Clint Eastwood,Bee Vang,Clint Eastwood,"Gran Torino Disgruntled Korean War veteran Walt Kowalski sets out to reform his neighbor, Thao Lor, a Hmong teenager who tried to steal Kowalski's prized possession: a 1972 Gran Torino. Clint Eastwood Bee Vang Clint Eastwood"
Harry Potter and the Deathly Hallows: Part 2,"Harry, Ron, and Hermione search for Voldemort's remaining Horcruxes in their effort to destroy the Dark Lord as the final battle rages on at Hogwarts.",Daniel Radcliffe,Emma Watson,David Yates,"Harry Potter and the Deathly Hallows: Part 2 Harry, Ron, and Hermione search for Voldemort's remaining Horcruxes in their effort to destroy the Dark Lord as the final battle rages on at Hogwarts. Daniel Radcliffe Emma Watson David Yates"
Okuribito,A newly unemployed cellist takes a job preparing the dead for funerals.,Masahiro Motoki,Ryôko Hirosue,Yôjirô Takita,Okuribito A newly unemployed cellist takes a job preparing the dead for funerals. Masahiro Motoki Ryôko Hirosue Yôjirô Takita
Hachi: A Dog's Tale,A college professor bonds with an abandoned dog he takes into his home.,Richard Gere,Joan Allen,Lasse Hallström,Hachi: A Dog's Tale A college professor bonds with an abandoned dog he takes into his home. Richard Gere Joan Allen Lasse Hallström
Mary and Max,"A tale of friendship between two unlikely pen pals: Mary, a lonely, eight-year-old girl living in the suburbs of Melbourne, and Max, a forty-four-year old, severely obese man living in New York.",Toni Collette,Philip Seymour Hoffman,Adam Elliot,"Mary and Max A tale of friendship between two unlikely pen pals: Mary, a lonely, eight-year-old girl living in the suburbs of Melbourne, and Max, a forty-four-year old, severely obese man living in New York. Toni Collette Philip Seymour Hoffman Adam Elliot"
How to Train Your Dragon,"A hapless young Viking who aspires to hunt dragons becomes the unlikely friend of a young dragon himself, and learns there may be more to the creatures than he assumed.",Chris Sanders,Jay Baruchel,Dean DeBlois,"How to Train Your Dragon A hapless young Viking who aspires to hunt dragons becomes the unlikely friend of a young dragon himself, and learns there may be more to the creatures than he assumed. Chris Sanders Jay Baruchel Dean DeBlois"
Into the Wild,"After graduating from Emory University, top student and athlete Christopher McCandless abandons his possessions, gives his entire $24,000 savings account to charity and hitchhikes to Alaska to live in the wilderness. Along the way, Christopher encounters a series of characters that shape his life.",Emile Hirsch,Vince Vaughn,Sean Penn,"Into the Wild After graduating from Emory University, top student and athlete Christopher McCandless abandons his possessions, gives his entire $24,000 savings account to charity and hitchhikes to Alaska to live in the wilderness. Along the way, Christopher encounters a series of characters that shape his life. Emile Hirsch Vince Vaughn Sean Penn"
No Country for Old Men,Violence and mayhem ensue after a hunter stumbles upon a drug deal gone wrong and more than two million dollars in cash near the Rio Grande.,Joel Coen,Tommy Lee Jones,Ethan Coen,No Country for Old Men Violence and mayhem ensue after a hunter stumbles upon a drug deal gone wrong and more than two million dollars in cash near the Rio Grande. Joel Coen Tommy Lee Jones Ethan Coen
Lage Raho Munna Bhai,Munna Bhai embarks on a journey with Mahatma Gandhi in order to fight against a corrupt property dealer.,Sanjay Dutt,Arshad Warsi,Rajkumar Hirani,Lage Raho Munna Bhai Munna Bhai embarks on a journey with Mahatma Gandhi in order to fight against a corrupt property dealer. Sanjay Dutt Arshad Warsi Rajkumar Hirani
Million Dollar Baby,A determined woman works with a hardened boxing trainer to become a professional.,Hilary Swank,Clint Eastwood,Clint Eastwood,Million Dollar Baby A determined woman works with a hardened boxing trainer to become a professional. Hilary Swank Clint Eastwood Clint Eastwood
Hotel Rwanda,"Paul Rusesabagina, a hotel manager, houses over a thousand Tutsi refugees during their struggle against the Hutu militia in Rwanda, Africa.",Don Cheadle,Sophie Okonedo,Terry George,"Hotel Rwanda Paul Rusesabagina, a hotel manager, houses over a thousand Tutsi refugees during their struggle against the Hutu militia in Rwanda, Africa. Don Cheadle Sophie Okonedo Terry George"
Taegukgi hwinalrimyeo,"When two brothers are forced to fight in the Korean War, the elder decides to take the riskiest missions if it will help shield the younger from battle.",Jang Dong-Gun,Won Bin,Je-kyu Kang,"Taegukgi hwinalrimyeo When two brothers are forced to fight in the Korean War, the elder decides to take the riskiest missions if it will help shield the younger from battle. Jang Dong-Gun Won Bin Je-kyu Kang"
Before Sunset,"Nine years after Jesse and Celine first met, they encounter each other again on the French leg of Jesse's book tour.",Ethan Hawke,Julie Delpy,Richard Linklater,"Before Sunset Nine years after Jesse and Celine first met, they encounter each other again on the French leg of Jesse's book tour. Ethan Hawke Julie Delpy Richard Linklater"
Munna Bhai M.B.B.S.,A gangster sets out to fulfill his father's dream of becoming a doctor.,Sanjay Dutt,Arshad Warsi,Rajkumar Hirani,Munna Bhai M.B.B.S. A gangster sets out to fulfill his father's dream of becoming a doctor. Sanjay Dutt Arshad Warsi Rajkumar Hirani
Salinui chueok,"In a small Korean province in 1986, two detectives struggle with the case of multiple young women being found raped and murdered by an unknown culprit.",Kang-ho Song,Kim Sang-kyung,Bong Joon Ho,"Salinui chueok In a small Korean province in 1986, two detectives struggle with the case of multiple young women being found raped and murdered by an unknown culprit. Kang-ho Song Kim Sang-kyung Bong Joon Ho"
Dil Chahta Hai,"Three inseparable childhood friends are just out of college. Nothing comes between them - until they each fall in love, and their wildly different approaches to relationships creates tension.",Aamir Khan,Saif Ali Khan,Farhan Akhtar,"Dil Chahta Hai Three inseparable childhood friends are just out of college. Nothing comes between them - until they each fall in love, and their wildly different approaches to relationships creates tension. Aamir Khan Saif Ali Khan Farhan Akhtar"
Kill Bill: Vol. 1,"After awakening from a four-year coma, a former assassin wreaks vengeance on the team of assassins who betrayed her.",Uma Thurman,David Carradine,Quentin Tarantino,"Kill Bill: Vol. 1 After awakening from a four-year coma, a former assassin wreaks vengeance on the team of assassins who betrayed her. Uma Thurman David Carradine Quentin Tarantino"
Finding Nemo,"After his son is captured in the Great Barrier Reef and taken to Sydney, a timid clownfish sets out on a journey to bring him home.",Lee Unkrich,Albert Brooks,Andrew Stanton,"Finding Nemo After his son is captured in the Great Barrier Reef and taken to Sydney, a timid clownfish sets out on a journey to bring him home. Lee Unkrich Albert Brooks Andrew Stanton"
Catch Me If You Can,"Barely 21 yet, Frank is a skilled forger who has passed as a doctor, lawyer and pilot. FBI agent Carl becomes obsessed with tracking down the con man, who only revels in the pursuit.",Leonardo DiCaprio,Tom Hanks,Steven Spielberg,"Catch Me If You Can Barely 21 yet, Frank is a skilled forger who has passed as a doctor, lawyer and pilot. FBI agent Carl becomes obsessed with tracking down the con man, who only revels in the pursuit. Leonardo DiCaprio Tom Hanks Steven Spielberg"
Amores perros,"A horrific car accident connects three stories, each involving characters dealing with loss, regret, and life's harsh realities, all in the name of love.",Emilio Echevarría,Gael García Bernal,Alejandro G. Iñárritu,"Amores perros A horrific car accident connects three stories, each involving characters dealing with loss, regret, and life's harsh realities, all in the name of love. Emilio Echevarría Gael García Bernal Alejandro G. Iñárritu"
"Monsters, Inc.","In order to power the city, monsters have to scare children so that they scream. However, the children are toxic to the monsters, and after a child gets through, 2 monsters realize things may not be what they think.",David Silverman,Lee Unkrich,Pete Docter,"Monsters, Inc. In order to power the city, monsters have to scare children so that they scream. However, the children are toxic to the monsters, and after a child gets through, 2 monsters realize things may not be what they think. David Silverman Lee Unkrich Pete Docter"
"Shin seiki Evangelion Gekijô-ban: Air/Magokoro wo, kimi ni",Concurrent theatrical ending of the TV series Shin seiki evangerion (1995).,Kazuya Tsurumaki,Megumi Ogata,Hideaki Anno,"Shin seiki Evangelion Gekijô-ban: Air/Magokoro wo, kimi ni Concurrent theatrical ending of the TV series Shin seiki evangerion (1995). Kazuya Tsurumaki Megumi Ogata Hideaki Anno"
Lagaan: Once Upon a Time in India,The people of a small village in Victorian India stake their future on a game of cricket against their ruthless British rulers.,Aamir Khan,Raghuvir Yadav,Ashutosh Gowariker,Lagaan: Once Upon a Time in India The people of a small village in Victorian India stake their future on a game of cricket against their ruthless British rulers. Aamir Khan Raghuvir Yadav Ashutosh Gowariker
The Sixth Sense,A boy who communicates with spirits seeks the help of a disheartened child psychologist.,Bruce Willis,Haley Joel Osment,M. Night Shyamalan,The Sixth Sense A boy who communicates with spirits seeks the help of a disheartened child psychologist. Bruce Willis Haley Joel Osment M. Night Shyamalan
La leggenda del pianista sull'oceano,"A baby boy, discovered in 1900 on an ocean liner, grows into a musical prodigy, never setting foot on land.",Tim Roth,Pruitt Taylor Vince,Giuseppe Tornatore,"La leggenda del pianista sull'oceano A baby boy, discovered in 1900 on an ocean liner, grows into a musical prodigy, never setting foot on land. Tim Roth Pruitt Taylor Vince Giuseppe Tornatore"
The Truman Show,An insurance salesman discovers his whole life is actually a reality TV show.,Jim Carrey,Ed Harris,Peter Weir,The Truman Show An insurance salesman discovers his whole life is actually a reality TV show. Jim Carrey Ed Harris Peter Weir
"Crna macka, beli macor",Matko and his son Zare live on the banks of the Danube river and get by through hustling and basically doing anything to make a living. In order to pay off a business debt Matko agrees to marry off Zare to the sister of a local gangster.,Bajram Severdzan,Srdjan 'Zika' Todorovic,Emir Kusturica,"Crna macka, beli macor Matko and his son Zare live on the banks of the Danube river and get by through hustling and basically doing anything to make a living. In order to pay off a business debt Matko agrees to marry off Zare to the sister of a local gangster. Bajram Severdzan Srdjan 'Zika' Todorovic Emir Kusturica"
The Big Lebowski,"Jeff ""The Dude"" Lebowski, mistaken for a millionaire of the same name, seeks restitution for his ruined rug and enlists his bowling buddies to help get it.",Ethan Coen,Jeff Bridges,Joel Coen,"The Big Lebowski Jeff ""The Dude"" Lebowski, mistaken for a millionaire of the same name, seeks restitution for his ruined rug and enlists his bowling buddies to help get it. Ethan Coen Jeff Bridges Joel Coen"
Fa yeung nin wah,"Two neighbors, a woman and a man, form a strong bond after both suspect extramarital activities of their spouses. However, they agree to keep their bond platonic so as not to commit similar wrongs.",Tony Chiu-Wai Leung,Maggie Cheung,Kar-Wai Wong,"Fa yeung nin wah Two neighbors, a woman and a man, form a strong bond after both suspect extramarital activities of their spouses. However, they agree to keep their bond platonic so as not to commit similar wrongs. Tony Chiu-Wai Leung Maggie Cheung Kar-Wai Wong"
Trainspotting,"Renton, deeply immersed in the Edinburgh drug scene, tries to clean up and get out, despite the allure of the drugs and influence of friends.",Ewan McGregor,Ewen Bremner,Danny Boyle,"Trainspotting Renton, deeply immersed in the Edinburgh drug scene, tries to clean up and get out, despite the allure of the drugs and influence of friends. Ewan McGregor Ewen Bremner Danny Boyle"
Fargo,Jerry Lundegaard's inept crime falls apart due to his and his henchmen's bungling and the persistent police work of the quite pregnant Marge Gunderson.,Ethan Coen,William H. Macy,Joel Coen,Fargo Jerry Lundegaard's inept crime falls apart due to his and his henchmen's bungling and the persistent police work of the quite pregnant Marge Gunderson. Ethan Coen William H. Macy Joel Coen
Underground,"A group of Serbian socialists prepares for the war in a surreal underground filled by parties, tragedies, love and hate.",Predrag 'Miki' Manojlovic,Lazar Ristovski,Emir Kusturica,"Underground A group of Serbian socialists prepares for the war in a surreal underground filled by parties, tragedies, love and hate. Predrag 'Miki' Manojlovic Lazar Ristovski Emir Kusturica"
La haine,24 hours in the lives of three young men in the French suburbs the day after a violent riot.,Vincent Cassel,Hubert Koundé,Mathieu Kassovitz,La haine 24 hours in the lives of three young men in the French suburbs the day after a violent riot. Vincent Cassel Hubert Koundé Mathieu Kassovitz
Dilwale Dulhania Le Jayenge,"When Raj meets Simran in Europe, it isn't love at first sight but when Simran moves to India for an arranged marriage, love makes its presence felt.",Shah Rukh Khan,Kajol,Aditya Chopra,"Dilwale Dulhania Le Jayenge When Raj meets Simran in Europe, it isn't love at first sight but when Simran moves to India for an arranged marriage, love makes its presence felt. Shah Rukh Khan Kajol Aditya Chopra"
Before Sunrise,"A young man and woman meet on a train in Europe, and wind up spending one evening together in Vienna. Unfortunately, both know that this will probably be their only night together.",Ethan Hawke,Julie Delpy,Richard Linklater,"Before Sunrise A young man and woman meet on a train in Europe, and wind up spending one evening together in Vienna. Unfortunately, both know that this will probably be their only night together. Ethan Hawke Julie Delpy Richard Linklater"
Trois couleurs: Rouge,A model discovers a retired judge is keen on invading people's privacy.,Irène Jacob,Jean-Louis Trintignant,Krzysztof Kieslowski,Trois couleurs: Rouge A model discovers a retired judge is keen on invading people's privacy. Irène Jacob Jean-Louis Trintignant Krzysztof Kieslowski
Chung Hing sam lam,"Two melancholy Hong Kong policemen fall in love: one with a mysterious female underworld figure, the other with a beautiful and ethereal server at a late-night restaurant he frequents.",Brigitte Lin,Takeshi Kaneshiro,Kar-Wai Wong,"Chung Hing sam lam Two melancholy Hong Kong policemen fall in love: one with a mysterious female underworld figure, the other with a beautiful and ethereal server at a late-night restaurant he frequents. Brigitte Lin Takeshi Kaneshiro Kar-Wai Wong"
Jurassic Park,A pragmatic paleontologist visiting an almost complete theme park is tasked with protecting a couple of kids after a power failure causes the park's cloned dinosaurs to run loose.,Sam Neill,Laura Dern,Steven Spielberg,Jurassic Park A pragmatic paleontologist visiting an almost complete theme park is tasked with protecting a couple of kids after a power failure causes the park's cloned dinosaurs to run loose. Sam Neill Laura Dern Steven Spielberg
In the Name of the Father,A man's coerced confession to an I.R.A. bombing he did not commit results in the imprisonment of his father as well. An English lawyer fights to free them.,Daniel Day-Lewis,Pete Postlethwaite,Jim Sheridan,In the Name of the Father A man's coerced confession to an I.R.A. bombing he did not commit results in the imprisonment of his father as well. An English lawyer fights to free them. Daniel Day-Lewis Pete Postlethwaite Jim Sheridan
Ba wang bie ji,Two boys meet at an opera training school in Peking in 1924. Their resulting friendship will span nearly 70 years and will endure some of the most troublesome times in China's history.,Leslie Cheung,Fengyi Zhang,Kaige Chen,Ba wang bie ji Two boys meet at an opera training school in Peking in 1924. Their resulting friendship will span nearly 70 years and will endure some of the most troublesome times in China's history. Leslie Cheung Fengyi Zhang Kaige Chen
Dà hóng denglong gaogao guà,"A young woman becomes the fourth wife of a wealthy lord, and must learn to live with the strict rules and tensions within the household.",Gong Li,Jingwu Ma,Yimou Zhang,"Dà hóng denglong gaogao guà A young woman becomes the fourth wife of a wealthy lord, and must learn to live with the strict rules and tensions within the household. Gong Li Jingwu Ma Yimou Zhang"
Dead Poets Society,Maverick teacher John Keating uses poetry to embolden his boarding school students to new heights of self-expression.,Robin Williams,Robert Sean Leonard,Peter Weir,Dead Poets Society Maverick teacher John Keating uses poetry to embolden his boarding school students to new heights of self-expression. Robin Williams Robert Sean Leonard Peter Weir
Stand by Me,"After the death of one of his friends, a writer recounts a childhood journey with his friends to find the body of a missing boy.",Wil Wheaton,River Phoenix,Rob Reiner,"Stand by Me After the death of one of his friends, a writer recounts a childhood journey with his friends to find the body of a missing boy. Wil Wheaton River Phoenix Rob Reiner"
Platoon,"Chris Taylor, a neophyte recruit in Vietnam, finds himself caught in a battle of wills between two sergeants, one good and the other evil. A shrewd examination of the brutality of war and the duality of man in conflict.",Charlie Sheen,Tom Berenger,Oliver Stone,"Platoon Chris Taylor, a neophyte recruit in Vietnam, finds himself caught in a battle of wills between two sergeants, one good and the other evil. A shrewd examination of the brutality of war and the duality of man in conflict. Charlie Sheen Tom Berenger Oliver Stone"
"Paris, Texas","Travis Henderson, an aimless drifter who has been missing for four years, wanders out of the desert and must reconnect with society, himself, his life, and his family.",Harry Dean Stanton,Nastassja Kinski,Wim Wenders,"Paris, Texas Travis Henderson, an aimless drifter who has been missing for four years, wanders out of the desert and must reconnect with society, himself, his life, and his family. Harry Dean Stanton Nastassja Kinski Wim Wenders"
Kaze no tani no Naushika,Warrior and pacifist Princess Nausicaä desperately struggles to prevent two warring nations from destroying themselves and their dying planet.,Sumi Shimamoto,Mahito Tsujimura,Hayao Miyazaki,Kaze no tani no Naushika Warrior and pacifist Princess Nausicaä desperately struggles to prevent two warring nations from destroying themselves and their dying planet. Sumi Shimamoto Mahito Tsujimura Hayao Miyazaki
The Thing,A research team in Antarctica is hunted by a shape-shifting alien that assumes the appearance of its victims.,Kurt Russell,Wilford Brimley,John Carpenter,The Thing A research team in Antarctica is hunted by a shape-shifting alien that assumes the appearance of its victims. Kurt Russell Wilford Brimley John Carpenter
Pink Floyd: The Wall,A confined but troubled rock star descends into madness in the midst of his physical and social isolation from everyone.,Bob Geldof,Christine Hargreaves,Alan Parker,Pink Floyd: The Wall A confined but troubled rock star descends into madness in the midst of his physical and social isolation from everyone. Bob Geldof Christine Hargreaves Alan Parker
Fitzcarraldo,"The story of Brian Sweeney Fitzgerald, an extremely determined man who intends to build an opera house in the middle of a jungle.",Klaus Kinski,Claudia Cardinale,Werner Herzog,"Fitzcarraldo The story of Brian Sweeney Fitzgerald, an extremely determined man who intends to build an opera house in the middle of a jungle. Klaus Kinski Claudia Cardinale Werner Herzog"
Fanny och Alexander,"Two young Swedish children experience the many comedies and tragedies of their family, the Ekdahls.",Bertil Guve,Pernilla Allwin,Ingmar Bergman,"Fanny och Alexander Two young Swedish children experience the many comedies and tragedies of their family, the Ekdahls. Bertil Guve Pernilla Allwin Ingmar Bergman"
Blade Runner,"A blade runner must pursue and terminate four replicants who stole a ship in space, and have returned to Earth to find their creator.",Harrison Ford,Rutger Hauer,Ridley Scott,"Blade Runner A blade runner must pursue and terminate four replicants who stole a ship in space, and have returned to Earth to find their creator. Harrison Ford Rutger Hauer Ridley Scott"
The Elephant Man,"A Victorian surgeon rescues a heavily disfigured man who is mistreated while scraping a living as a side-show freak. Behind his monstrous façade, there is revealed a person of kindness, intelligence and sophistication.",Anthony Hopkins,John Hurt,David Lynch,"The Elephant Man A Victorian surgeon rescues a heavily disfigured man who is mistreated while scraping a living as a side-show freak. Behind his monstrous façade, there is revealed a person of kindness, intelligence and sophistication. Anthony Hopkins John Hurt David Lynch"
Life of Brian,"Born on the original Christmas in the stable next door to Jesus Christ, Brian of Nazareth spends his life being mistaken for a messiah.",Graham Chapman,John Cleese,Terry Jones,"Life of Brian Born on the original Christmas in the stable next door to Jesus Christ, Brian of Nazareth spends his life being mistaken for a messiah. Graham Chapman John Cleese Terry Jones"
The Deer Hunter,An in-depth examination of the ways in which the U.S. Vietnam War impacts and disrupts the lives of people in a small industrial town in Pennsylvania.,Robert De Niro,Christopher Walken,Michael Cimino,The Deer Hunter An in-depth examination of the ways in which the U.S. Vietnam War impacts and disrupts the lives of people in a small industrial town in Pennsylvania. Robert De Niro Christopher Walken Michael Cimino
Rocky,A small-time boxer gets a supremely rare chance to fight a heavy-weight champion in a bout in which he strives to go the distance for his self-respect.,Sylvester Stallone,Talia Shire,John G. Avildsen,Rocky A small-time boxer gets a supremely rare chance to fight a heavy-weight champion in a bout in which he strives to go the distance for his self-respect. Sylvester Stallone Talia Shire John G. Avildsen
Network,A television network cynically exploits a deranged former anchor's ravings and revelations about the news media for its own profit.,Faye Dunaway,William Holden,Sidney Lumet,Network A television network cynically exploits a deranged former anchor's ravings and revelations about the news media for its own profit. Faye Dunaway William Holden Sidney Lumet
Barry Lyndon,An Irish rogue wins the heart of a rich widow and assumes her dead husband's aristocratic position in 18th-century England.,Ryan O'Neal,Marisa Berenson,Stanley Kubrick,Barry Lyndon An Irish rogue wins the heart of a rich widow and assumes her dead husband's aristocratic position in 18th-century England. Ryan O'Neal Marisa Berenson Stanley Kubrick
Zerkalo,"A dying man in his forties remembers his past. His childhood, his mother, the war, personal moments and things that tell of the recent history of all the Russian nation.",Margarita Terekhova,Filipp Yankovskiy,Andrei Tarkovsky,"Zerkalo A dying man in his forties remembers his past. His childhood, his mother, the war, personal moments and things that tell of the recent history of all the Russian nation. Margarita Terekhova Filipp Yankovskiy Andrei Tarkovsky"
Chinatown,"A private detective hired to expose an adulterer finds himself caught up in a web of deceit, corruption, and murder.",Jack Nicholson,Faye Dunaway,Roman Polanski,"Chinatown A private detective hired to expose an adulterer finds himself caught up in a web of deceit, corruption, and murder. Jack Nicholson Faye Dunaway Roman Polanski"
Paper Moon,"During the Great Depression, a con man finds himself saddled with a young girl who may or may not be his daughter, and the two forge an unlikely partnership.",Ryan O'Neal,Tatum O'Neal,Peter Bogdanovich,"Paper Moon During the Great Depression, a con man finds himself saddled with a young girl who may or may not be his daughter, and the two forge an unlikely partnership. Ryan O'Neal Tatum O'Neal Peter Bogdanovich"
Viskningar och rop,"When a woman dying of cancer in early twentieth-century Sweden is visited by her two sisters, long-repressed feelings between the siblings rise to the surface.",Harriet Andersson,Liv Ullmann,Ingmar Bergman,"Viskningar och rop When a woman dying of cancer in early twentieth-century Sweden is visited by her two sisters, long-repressed feelings between the siblings rise to the surface. Harriet Andersson Liv Ullmann Ingmar Bergman"
Solaris,A psychologist is sent to a station orbiting a distant planet in order to discover what has caused the crew to go insane.,Natalya Bondarchuk,Donatas Banionis,Andrei Tarkovsky,Solaris A psychologist is sent to a station orbiting a distant planet in order to discover what has caused the crew to go insane. Natalya Bondarchuk Donatas Banionis Andrei Tarkovsky
Le samouraï,After professional hitman Jef Costello is seen by witnesses his efforts to provide himself an alibi drive him further into a corner.,Alain Delon,François Périer,Jean-Pierre Melville,Le samouraï After professional hitman Jef Costello is seen by witnesses his efforts to provide himself an alibi drive him further into a corner. Alain Delon François Périer Jean-Pierre Melville
Cool Hand Luke,"A laid back Southern man is sentenced to two years in a rural prison, but refuses to conform.",Paul Newman,George Kennedy,Stuart Rosenberg,"Cool Hand Luke A laid back Southern man is sentenced to two years in a rural prison, but refuses to conform. Paul Newman George Kennedy Stuart Rosenberg"
Persona,A nurse is put in charge of a mute actress and finds that their personae are melding together.,Bibi Andersson,Liv Ullmann,Ingmar Bergman,Persona A nurse is put in charge of a mute actress and finds that their personae are melding together. Bibi Andersson Liv Ullmann Ingmar Bergman
Andrei Rublev,"The life, times and afflictions of the fifteenth-century Russian iconographer St. Andrei Rublev.",Anatoliy Solonitsyn,Ivan Lapikov,Andrei Tarkovsky,"Andrei Rublev The life, times and afflictions of the fifteenth-century Russian iconographer St. Andrei Rublev. Anatoliy Solonitsyn Ivan Lapikov Andrei Tarkovsky"
La battaglia di Algeri,"In the 1950s, fear and violence escalate as the people of Algiers fight for independence from the French government.",Brahim Hadjadj,Jean Martin,Gillo Pontecorvo,"La battaglia di Algeri In the 1950s, fear and violence escalate as the people of Algiers fight for independence from the French government. Brahim Hadjadj Jean Martin Gillo Pontecorvo"
El ángel exterminador,The guests at an upper-class dinner party find themselves unable to leave.,Silvia Pinal,Jacqueline Andere,Luis Buñuel,El ángel exterminador The guests at an upper-class dinner party find themselves unable to leave. Silvia Pinal Jacqueline Andere Luis Buñuel
What Ever Happened to Baby Jane?,A former child star torments her paraplegic sister in their decaying Hollywood mansion.,Bette Davis,Joan Crawford,Robert Aldrich,What Ever Happened to Baby Jane? A former child star torments her paraplegic sister in their decaying Hollywood mansion. Bette Davis Joan Crawford Robert Aldrich
Sanjuro,"A crafty samurai helps a young man and his fellow clansmen save his uncle, who has been framed and imprisoned by a corrupt superintendent.",Toshirô Mifune,Tatsuya Nakadai,Akira Kurosawa,"Sanjuro A crafty samurai helps a young man and his fellow clansmen save his uncle, who has been framed and imprisoned by a corrupt superintendent. Toshirô Mifune Tatsuya Nakadai Akira Kurosawa"
The Man Who Shot Liberty Valance,A senator returns to a western town for the funeral of an old friend and tells the story of his origins.,James Stewart,John Wayne,John Ford,The Man Who Shot Liberty Valance A senator returns to a western town for the funeral of an old friend and tells the story of his origins. James Stewart John Wayne John Ford
Ivanovo detstvo,"In WW2, twelve year old Soviet orphan Ivan Bondarev works for the Soviet army as a scout behind the German lines and strikes a friendship with three sympathetic Soviet officers.",Eduard Abalov,Nikolay Burlyaev,Andrei Tarkovsky,"Ivanovo detstvo In WW2, twelve year old Soviet orphan Ivan Bondarev works for the Soviet army as a scout behind the German lines and strikes a friendship with three sympathetic Soviet officers. Eduard Abalov Nikolay Burlyaev Andrei Tarkovsky"
Jungfrukällan,"An innocent yet pampered young virgin and her family's pregnant and jealous servant set out to deliver candles to church, but only one returns from events that transpire in the woods along the way.",Max von Sydow,Birgitta Valberg,Ingmar Bergman,"Jungfrukällan An innocent yet pampered young virgin and her family's pregnant and jealous servant set out to deliver candles to church, but only one returns from events that transpire in the woods along the way. Max von Sydow Birgitta Valberg Ingmar Bergman"
Inherit the Wind,"Based on a real-life case in 1925, two great lawyers argue the case for and against a science teacher accused of the crime of teaching evolution.",Spencer Tracy,Fredric March,Stanley Kramer,"Inherit the Wind Based on a real-life case in 1925, two great lawyers argue the case for and against a science teacher accused of the crime of teaching evolution. Spencer Tracy Fredric March Stanley Kramer"
Les quatre cents coups,"A young boy, left without attention, delves into a life of petty crime.",Jean-Pierre Léaud,Albert Rémy,François Truffaut,"Les quatre cents coups A young boy, left without attention, delves into a life of petty crime. Jean-Pierre Léaud Albert Rémy François Truffaut"
Ben-Hur,"After a Jewish prince is betrayed and sent into slavery by a Roman friend, he regains his freedom and comes back for revenge.",Charlton Heston,Jack Hawkins,William Wyler,"Ben-Hur After a Jewish prince is betrayed and sent into slavery by a Roman friend, he regains his freedom and comes back for revenge. Charlton Heston Jack Hawkins William Wyler"
Kakushi-toride no san-akunin,"Lured by gold, two greedy peasants unknowingly escort a princess and her general across enemy lines.",Toshirô Mifune,Misa Uehara,Akira Kurosawa,"Kakushi-toride no san-akunin Lured by gold, two greedy peasants unknowingly escort a princess and her general across enemy lines. Toshirô Mifune Misa Uehara Akira Kurosawa"
Le notti di Cabiria,A waifish prostitute wanders the streets of Rome looking for true love but finds only heartbreak.,Giulietta Masina,François Périer,Federico Fellini,Le notti di Cabiria A waifish prostitute wanders the streets of Rome looking for true love but finds only heartbreak. Giulietta Masina François Périer Federico Fellini
Kumonosu-jô,"A war-hardened general, egged on by his ambitious wife, works to fulfill a prophecy that he would become lord of Spider's Web Castle.",Toshirô Mifune,Minoru Chiaki,Akira Kurosawa,"Kumonosu-jô A war-hardened general, egged on by his ambitious wife, works to fulfill a prophecy that he would become lord of Spider's Web Castle. Toshirô Mifune Minoru Chiaki Akira Kurosawa"
The Bridge on the River Kwai,"British POWs are forced to build a railway bridge across the river Kwai for their Japanese captors, not knowing that the allied forces are planning to destroy it.",William Holden,Alec Guinness,David Lean,"The Bridge on the River Kwai British POWs are forced to build a railway bridge across the river Kwai for their Japanese captors, not knowing that the allied forces are planning to destroy it. William Holden Alec Guinness David Lean"
On the Waterfront,An ex-prize fighter turned longshoreman struggles to stand up to his corrupt union bosses.,Marlon Brando,Karl Malden,Elia Kazan,On the Waterfront An ex-prize fighter turned longshoreman struggles to stand up to his corrupt union bosses. Marlon Brando Karl Malden Elia Kazan
Le salaire de la peur,"In a decrepit South American village, four men are hired to transport an urgent nitroglycerine shipment without the equipment that would make it safe.",Yves Montand,Charles Vanel,Henri-Georges Clouzot,"Le salaire de la peur In a decrepit South American village, four men are hired to transport an urgent nitroglycerine shipment without the equipment that would make it safe. Yves Montand Charles Vanel Henri-Georges Clouzot"
Ace in the Hole,"A frustrated former big-city journalist now stuck working for an Albuquerque newspaper exploits a story about a man trapped in a cave to rekindle his career, but the situation quickly escalates into an out-of-control circus.",Kirk Douglas,Jan Sterling,Billy Wilder,"Ace in the Hole A frustrated former big-city journalist now stuck working for an Albuquerque newspaper exploits a story about a man trapped in a cave to rekindle his career, but the situation quickly escalates into an out-of-control circus. Kirk Douglas Jan Sterling Billy Wilder"
White Heat,A psychopathic criminal with a mother complex makes a daring break from prison and leads his old gang in a chemical plant payroll heist.,James Cagney,Virginia Mayo,Raoul Walsh,White Heat A psychopathic criminal with a mother complex makes a daring break from prison and leads his old gang in a chemical plant payroll heist. James Cagney Virginia Mayo Raoul Walsh
The Third Man,"Pulp novelist Holly Martins travels to shadowy, postwar Vienna, only to find himself investigating the mysterious death of an old friend, Harry Lime.",Orson Welles,Joseph Cotten,Carol Reed,"The Third Man Pulp novelist Holly Martins travels to shadowy, postwar Vienna, only to find himself investigating the mysterious death of an old friend, Harry Lime. Orson Welles Joseph Cotten Carol Reed"
The Red Shoes,A young ballet dancer is torn between the man she loves and her pursuit to become a prima ballerina.,Emeric Pressburger,Anton Walbrook,Michael Powell,The Red Shoes A young ballet dancer is torn between the man she loves and her pursuit to become a prima ballerina. Emeric Pressburger Anton Walbrook Michael Powell
The Shop Around the Corner,"Two employees at a gift shop can barely stand each other, without realizing that they are falling in love through the post as each other's anonymous pen pal.",Margaret Sullavan,James Stewart,Ernst Lubitsch,"The Shop Around the Corner Two employees at a gift shop can barely stand each other, without realizing that they are falling in love through the post as each other's anonymous pen pal. Margaret Sullavan James Stewart Ernst Lubitsch"
Rebecca,A self-conscious woman juggles adjusting to her new role as an aristocrat's wife and avoiding being intimidated by his first wife's spectral presence.,Laurence Olivier,Joan Fontaine,Alfred Hitchcock,Rebecca A self-conscious woman juggles adjusting to her new role as an aristocrat's wife and avoiding being intimidated by his first wife's spectral presence. Laurence Olivier Joan Fontaine Alfred Hitchcock
Mr. Smith Goes to Washington,"A naive man is appointed to fill a vacancy in the United States Senate. His plans promptly collide with political corruption, but he doesn't back down.",James Stewart,Jean Arthur,Frank Capra,"Mr. Smith Goes to Washington A naive man is appointed to fill a vacancy in the United States Senate. His plans promptly collide with political corruption, but he doesn't back down. James Stewart Jean Arthur Frank Capra"
Gone with the Wind,A manipulative woman and a roguish man conduct a turbulent romance during the American Civil War and Reconstruction periods.,George Cukor,Sam Wood,Victor Fleming,Gone with the Wind A manipulative woman and a roguish man conduct a turbulent romance during the American Civil War and Reconstruction periods. George Cukor Sam Wood Victor Fleming
La Grande Illusion,"During WWI, two French soldiers are captured and imprisoned in a German P.O.W. camp. Several escape attempts follow until they are eventually sent to a seemingly inescapable fortress.",Jean Gabin,Dita Parlo,Jean Renoir,"La Grande Illusion During WWI, two French soldiers are captured and imprisoned in a German P.O.W. camp. Several escape attempts follow until they are eventually sent to a seemingly inescapable fortress. Jean Gabin Dita Parlo Jean Renoir"
It Happened One Night,"A renegade reporter and a crazy young heiress meet on a bus heading for New York, and end up stuck with each other when the bus leaves them behind at one of the stops.",Clark Gable,Claudette Colbert,Frank Capra,"It Happened One Night A renegade reporter and a crazy young heiress meet on a bus heading for New York, and end up stuck with each other when the bus leaves them behind at one of the stops. Clark Gable Claudette Colbert Frank Capra"
La passion de Jeanne d'Arc,"In 1431, Jeanne d'Arc is placed on trial on charges of heresy. The ecclesiastical jurists attempt to force Jeanne to recant her claims of holy visions.",Maria Falconetti,Eugene Silvain,Carl Theodor Dreyer,"La passion de Jeanne d'Arc In 1431, Jeanne d'Arc is placed on trial on charges of heresy. The ecclesiastical jurists attempt to force Jeanne to recant her claims of holy visions. Maria Falconetti Eugene Silvain Carl Theodor Dreyer"
The Circus,The Tramp finds work and the girl of his dreams at a circus.,Charles Chaplin,Merna Kennedy,Charles Chaplin,The Circus The Tramp finds work and the girl of his dreams at a circus. Charles Chaplin Merna Kennedy Charles Chaplin
Sunrise: A Song of Two Humans,An allegorical tale about a man fighting the good and evil within him. Both sides are made flesh - one a sophisticated woman he is attracted to and the other his wife.,George O'Brien,Janet Gaynor,F.W. Murnau,Sunrise: A Song of Two Humans An allegorical tale about a man fighting the good and evil within him. Both sides are made flesh - one a sophisticated woman he is attracted to and the other his wife. George O'Brien Janet Gaynor F.W. Murnau
The General,"When Union spies steal an engineer's beloved locomotive, he pursues it single-handedly and straight through enemy lines.",Buster Keaton,Buster Keaton,Clyde Bruckman,"The General When Union spies steal an engineer's beloved locomotive, he pursues it single-handedly and straight through enemy lines. Buster Keaton Buster Keaton Clyde Bruckman"
Das Cabinet des Dr. Caligari,"Hypnotist Dr. Caligari uses a somnambulist, Cesare, to commit murders.",Werner Krauss,Conrad Veidt,Robert Wiene,"Das Cabinet des Dr. Caligari Hypnotist Dr. Caligari uses a somnambulist, Cesare, to commit murders. Werner Krauss Conrad Veidt Robert Wiene"
Badhaai ho,A man is embarrassed when he finds out his mother is pregnant.,Ayushmann Khurrana,Neena Gupta,Amit Ravindernath Sharma,Badhaai ho A man is embarrassed when he finds out his mother is pregnant. Ayushmann Khurrana Neena Gupta Amit Ravindernath Sharma
Togo,"The story of Togo, the sled dog who led the 1925 serum run yet was considered by most to be too small and weak to lead such an intense race.",Willem Dafoe,Julianne Nicholson,Ericson Core,"Togo The story of Togo, the sled dog who led the 1925 serum run yet was considered by most to be too small and weak to lead such an intense race. Willem Dafoe Julianne Nicholson Ericson Core"
Airlift,"When Iraq invades Kuwait in August 1990, a callous Indian businessman becomes the spokesperson for more than 170,000 stranded countrymen.",Akshay Kumar,Nimrat Kaur,Raja Menon,"Airlift When Iraq invades Kuwait in August 1990, a callous Indian businessman becomes the spokesperson for more than 170,000 stranded countrymen. Akshay Kumar Nimrat Kaur Raja Menon"
Bajrangi Bhaijaan,An Indian man with a magnanimous heart takes a young mute Pakistani girl back to her homeland to reunite her with her family.,Salman Khan,Harshaali Malhotra,Kabir Khan,Bajrangi Bhaijaan An Indian man with a magnanimous heart takes a young mute Pakistani girl back to her homeland to reunite her with her family. Salman Khan Harshaali Malhotra Kabir Khan
Baby,"An elite counter-intelligence unit learns of a plot, masterminded by a maniacal madman. With the clock ticking, it's up to them to track the terrorists' international tentacles and prevent them from striking at the heart of India.",Akshay Kumar,Danny Denzongpa,Neeraj Pandey,"Baby An elite counter-intelligence unit learns of a plot, masterminded by a maniacal madman. With the clock ticking, it's up to them to track the terrorists' international tentacles and prevent them from striking at the heart of India. Akshay Kumar Danny Denzongpa Neeraj Pandey"
La La Land,"While navigating their careers in Los Angeles, a pianist and an actress fall in love while attempting to reconcile their aspirations for the future.",Ryan Gosling,Emma Stone,Damien Chazelle,"La La Land While navigating their careers in Los Angeles, a pianist and an actress fall in love while attempting to reconcile their aspirations for the future. Ryan Gosling Emma Stone Damien Chazelle"
Lion,"A five-year-old Indian boy is adopted by an Australian couple after getting lost hundreds of kilometers from home. 25 years later, he sets out to find his lost family.",Dev Patel,Nicole Kidman,Garth Davis,"Lion A five-year-old Indian boy is adopted by an Australian couple after getting lost hundreds of kilometers from home. 25 years later, he sets out to find his lost family. Dev Patel Nicole Kidman Garth Davis"
The Martian,"An astronaut becomes stranded on Mars after his team assume him dead, and must rely on his ingenuity to find a way to signal to Earth that he is alive.",Matt Damon,Jessica Chastain,Ridley Scott,"The Martian An astronaut becomes stranded on Mars after his team assume him dead, and must rely on his ingenuity to find a way to signal to Earth that he is alive. Matt Damon Jessica Chastain Ridley Scott"
Zootopia,"In a city of anthropomorphic animals, a rookie bunny cop and a cynical con artist fox must work together to uncover a conspiracy.",Rich Moore,Jared Bush,Byron Howard,"Zootopia In a city of anthropomorphic animals, a rookie bunny cop and a cynical con artist fox must work together to uncover a conspiracy. Rich Moore Jared Bush Byron Howard"
Bãhubali: The Beginning,"In ancient India, an adventurous and daring man becomes involved in a decades-old feud between two warring peoples.",Prabhas,Rana Daggubati,S.S. Rajamouli,"Bãhubali: The Beginning In ancient India, an adventurous and daring man becomes involved in a decades-old feud between two warring peoples. Prabhas Rana Daggubati S.S. Rajamouli"
Kaguyahime no monogatari,"Found inside a shining stalk of bamboo by an old bamboo cutter and his wife, a tiny girl grows rapidly into an exquisite young lady. The mysterious young princess enthralls all who encounter her, but ultimately she must confront her fate, the punishment for her crime.",Chloë Grace Moretz,James Caan,Isao Takahata,"Kaguyahime no monogatari Found inside a shining stalk of bamboo by an old bamboo cutter and his wife, a tiny girl grows rapidly into an exquisite young lady. The mysterious young princess enthralls all who encounter her, but ultimately she must confront her fate, the punishment for her crime. Chloë Grace Moretz James Caan Isao Takahata"
Wonder,"Based on the New York Times bestseller, this movie tells the incredibly inspiring and heartwarming story of August Pullman, a boy with facial differences who enters the fifth grade, attending a mainstream elementary school for the first time.",Jacob Tremblay,Owen Wilson,Stephen Chbosky,"Wonder Based on the New York Times bestseller, this movie tells the incredibly inspiring and heartwarming story of August Pullman, a boy with facial differences who enters the fifth grade, attending a mainstream elementary school for the first time. Jacob Tremblay Owen Wilson Stephen Chbosky"
Gully Boy,A coming-of-age story based on the lives of street rappers in Mumbai.,Vijay Varma,Nakul Roshan Sahdev,Zoya Akhtar,Gully Boy A coming-of-age story based on the lives of street rappers in Mumbai. Vijay Varma Nakul Roshan Sahdev Zoya Akhtar
Special Chabbis,A gang of con-men rob prominent rich businessmen and politicians by posing as C.B.I and income tax officers.,Akshay Kumar,Anupam Kher,Neeraj Pandey,Special Chabbis A gang of con-men rob prominent rich businessmen and politicians by posing as C.B.I and income tax officers. Akshay Kumar Anupam Kher Neeraj Pandey
Short Term 12,A 20-something supervising staff member of a residential treatment facility navigates the troubled waters of that world alongside her co-worker and longtime boyfriend.,Brie Larson,Frantz Turner,Destin Daniel Cretton,Short Term 12 A 20-something supervising staff member of a residential treatment facility navigates the troubled waters of that world alongside her co-worker and longtime boyfriend. Brie Larson Frantz Turner Destin Daniel Cretton
Serbuan maut 2: Berandal,"Only a short time after the first raid, Rama goes undercover with the thugs of Jakarta and plans to bring down the syndicate and uncover the corruption within his police force.",Iko Uwais,Yayan Ruhian,Gareth Evans,"Serbuan maut 2: Berandal Only a short time after the first raid, Rama goes undercover with the thugs of Jakarta and plans to bring down the syndicate and uncover the corruption within his police force. Iko Uwais Yayan Ruhian Gareth Evans"
The Imitation Game,"During World War II, the English mathematical genius Alan Turing tries to crack the German Enigma code with help from fellow mathematicians.",Benedict Cumberbatch,Keira Knightley,Morten Tyldum,"The Imitation Game During World War II, the English mathematical genius Alan Turing tries to crack the German Enigma code with help from fellow mathematicians. Benedict Cumberbatch Keira Knightley Morten Tyldum"
Guardians of the Galaxy,A group of intergalactic criminals must pull together to stop a fanatical warrior with plans to purge the universe.,Chris Pratt,Vin Diesel,James Gunn,Guardians of the Galaxy A group of intergalactic criminals must pull together to stop a fanatical warrior with plans to purge the universe. Chris Pratt Vin Diesel James Gunn
Blade Runner 2049,"Young Blade Runner K's discovery of a long-buried secret leads him to track down former Blade Runner Rick Deckard, who's been missing for thirty years.",Harrison Ford,Ryan Gosling,Denis Villeneuve,"Blade Runner 2049 Young Blade Runner K's discovery of a long-buried secret leads him to track down former Blade Runner Rick Deckard, who's been missing for thirty years. Harrison Ford Ryan Gosling Denis Villeneuve"
Her,"In a near future, a lonely writer develops an unlikely relationship with an operating system designed to meet his every need.",Joaquin Phoenix,Amy Adams,Spike Jonze,"Her In a near future, a lonely writer develops an unlikely relationship with an operating system designed to meet his every need. Joaquin Phoenix Amy Adams Spike Jonze"
Bohemian Rhapsody,"The story of the legendary British rock band Queen and lead singer Freddie Mercury, leading up to their famous performance at Live Aid (1985).",Rami Malek,Lucy Boynton,Bryan Singer,"Bohemian Rhapsody The story of the legendary British rock band Queen and lead singer Freddie Mercury, leading up to their famous performance at Live Aid (1985). Rami Malek Lucy Boynton Bryan Singer"
The Revenant,A frontiersman on a fur trading expedition in the 1820s fights for survival after being mauled by a bear and left for dead by members of his own hunting team.,Leonardo DiCaprio,Tom Hardy,Alejandro G. Iñárritu,The Revenant A frontiersman on a fur trading expedition in the 1820s fights for survival after being mauled by a bear and left for dead by members of his own hunting team. Leonardo DiCaprio Tom Hardy Alejandro G. Iñárritu
The Perks of Being a Wallflower,An introvert freshman is taken under the wings of two seniors who welcome him to the real world,Logan Lerman,Emma Watson,Stephen Chbosky,The Perks of Being a Wallflower An introvert freshman is taken under the wings of two seniors who welcome him to the real world Logan Lerman Emma Watson Stephen Chbosky
Tropa de Elite 2: O Inimigo Agora é Outro,"After a prison riot, former-Captain Nascimento, now a high ranking security officer in Rio de Janeiro, is swept into a bloody political dispute that involves government officials and paramilitary groups.",Wagner Moura,Irandhir Santos,José Padilha,"Tropa de Elite 2: O Inimigo Agora é Outro After a prison riot, former-Captain Nascimento, now a high ranking security officer in Rio de Janeiro, is swept into a bloody political dispute that involves government officials and paramilitary groups. Wagner Moura Irandhir Santos José Padilha"
The King's Speech,"The story of King George VI, his impromptu ascension to the throne of the British Empire in 1936, and the speech therapist who helped the unsure monarch overcome his stammer.",Colin Firth,Geoffrey Rush,Tom Hooper,"The King's Speech The story of King George VI, his impromptu ascension to the throne of the British Empire in 1936, and the speech therapist who helped the unsure monarch overcome his stammer. Colin Firth Geoffrey Rush Tom Hooper"
The Help,"An aspiring author during the civil rights movement of the 1960s decides to write a book detailing the African American maids' point of view on the white families for which they work, and the hardships they go through on a daily basis.",Emma Stone,Viola Davis,Tate Taylor,"The Help An aspiring author during the civil rights movement of the 1960s decides to write a book detailing the African American maids' point of view on the white families for which they work, and the hardships they go through on a daily basis. Emma Stone Viola Davis Tate Taylor"
Deadpool,"A wisecracking mercenary gets experimented on and becomes immortal but ugly, and sets out to track down the man who ruined his looks.",Ryan Reynolds,Morena Baccarin,Tim Miller,"Deadpool A wisecracking mercenary gets experimented on and becomes immortal but ugly, and sets out to track down the man who ruined his looks. Ryan Reynolds Morena Baccarin Tim Miller"
Darbareye Elly,The mysterious disappearance of a kindergarten teacher during a picnic in the north of Iran is followed by a series of misadventures for her fellow travelers.,Golshifteh Farahani,Shahab Hosseini,Asghar Farhadi,Darbareye Elly The mysterious disappearance of a kindergarten teacher during a picnic in the north of Iran is followed by a series of misadventures for her fellow travelers. Golshifteh Farahani Shahab Hosseini Asghar Farhadi
Dev.D,"After breaking up with his childhood sweetheart, a young man finds solace in drugs. Meanwhile, a teenage girl is caught in the world of prostitution. Will they be destroyed, or will they find redemption?",Abhay Deol,Mahie Gill,Anurag Kashyap,"Dev.D After breaking up with his childhood sweetheart, a young man finds solace in drugs. Meanwhile, a teenage girl is caught in the world of prostitution. Will they be destroyed, or will they find redemption? Abhay Deol Mahie Gill Anurag Kashyap"
Yip Man,"During the Japanese invasion of China, a wealthy martial artist is forced to leave his home when his city is occupied. With little means of providing for themselves, Ip Man and the remaining members of the city must find a way to survive.",Donnie Yen,Simon Yam,Wilson Yip,"Yip Man During the Japanese invasion of China, a wealthy martial artist is forced to leave his home when his city is occupied. With little means of providing for themselves, Ip Man and the remaining members of the city must find a way to survive. Donnie Yen Simon Yam Wilson Yip"
My Name Is Khan,An Indian Muslim man with Asperger's syndrome takes a challenge to speak to the President of the United States seriously and embarks on a cross-country journey.,Shah Rukh Khan,Kajol,Karan Johar,My Name Is Khan An Indian Muslim man with Asperger's syndrome takes a challenge to speak to the President of the United States seriously and embarks on a cross-country journey. Shah Rukh Khan Kajol Karan Johar
Nefes: Vatan Sagolsun,Story of 40-man Turkish task force who must defend a relay station.,Erdem Can,Mete Horozoglu,Levent Semerci,Nefes: Vatan Sagolsun Story of 40-man Turkish task force who must defend a relay station. Erdem Can Mete Horozoglu Levent Semerci
Slumdog Millionaire,"A Mumbai teenager reflects on his life after being accused of cheating on the Indian version of ""Who Wants to be a Millionaire?"".",Loveleen Tandan,Dev Patel,Danny Boyle,"Slumdog Millionaire A Mumbai teenager reflects on his life after being accused of cheating on the Indian version of ""Who Wants to be a Millionaire?"". Loveleen Tandan Dev Patel Danny Boyle"
Black Swan,"A committed dancer struggles to maintain her sanity after winning the lead role in a production of Tchaikovsky's ""Swan Lake"".",Natalie Portman,Mila Kunis,Darren Aronofsky,"Black Swan A committed dancer struggles to maintain her sanity after winning the lead role in a production of Tchaikovsky's ""Swan Lake"". Natalie Portman Mila Kunis Darren Aronofsky"
Tropa de Elite,"In 1997 Rio de Janeiro, Captain Nascimento has to find a substitute for his position while trying to take down drug dealers and criminals before the Pope visits.",Wagner Moura,André Ramiro,José Padilha,"Tropa de Elite In 1997 Rio de Janeiro, Captain Nascimento has to find a substitute for his position while trying to take down drug dealers and criminals before the Pope visits. Wagner Moura André Ramiro José Padilha"
The Avengers,Earth's mightiest heroes must come together and learn to fight as a team if they are going to stop the mischievous Loki and his alien army from enslaving humanity.,Robert Downey Jr.,Chris Evans,Joss Whedon,The Avengers Earth's mightiest heroes must come together and learn to fight as a team if they are going to stop the mischievous Loki and his alien army from enslaving humanity. Robert Downey Jr. Chris Evans Joss Whedon
Persepolis,A precocious and outspoken Iranian girl grows up during the Islamic Revolution.,Marjane Satrapi,Chiara Mastroianni,Vincent Paronnaud,Persepolis A precocious and outspoken Iranian girl grows up during the Islamic Revolution. Marjane Satrapi Chiara Mastroianni Vincent Paronnaud
Dallas Buyers Club,"In 1985 Dallas, electrician and hustler Ron Woodroof works around the system to help AIDS patients get the medication they need after he is diagnosed with the disease.",Matthew McConaughey,Jennifer Garner,Jean-Marc Vallée,"Dallas Buyers Club In 1985 Dallas, electrician and hustler Ron Woodroof works around the system to help AIDS patients get the medication they need after he is diagnosed with the disease. Matthew McConaughey Jennifer Garner Jean-Marc Vallée"
The Pursuit of Happyness,A struggling salesman takes custody of his son as he's poised to begin a life-changing professional career.,Will Smith,Thandie Newton,Gabriele Muccino,The Pursuit of Happyness A struggling salesman takes custody of his son as he's poised to begin a life-changing professional career. Will Smith Thandie Newton Gabriele Muccino
Blood Diamond,"A fisherman, a smuggler, and a syndicate of businessmen match wits over the possession of a priceless diamond.",Leonardo DiCaprio,Djimon Hounsou,Edward Zwick,"Blood Diamond A fisherman, a smuggler, and a syndicate of businessmen match wits over the possession of a priceless diamond. Leonardo DiCaprio Djimon Hounsou Edward Zwick"
The Bourne Ultimatum,Jason Bourne dodges a ruthless C.I.A. official and his Agents from a new assassination program while searching for the origins of his life as a trained killer.,Matt Damon,Edgar Ramírez,Paul Greengrass,The Bourne Ultimatum Jason Bourne dodges a ruthless C.I.A. official and his Agents from a new assassination program while searching for the origins of his life as a trained killer. Matt Damon Edgar Ramírez Paul Greengrass
Bin-jip,A transient young man breaks into empty homes to partake of the vacationing residents' lives for a few days.,Seung-Yun Lee,Hee Jae,Ki-duk Kim,Bin-jip A transient young man breaks into empty homes to partake of the vacationing residents' lives for a few days. Seung-Yun Lee Hee Jae Ki-duk Kim
Sin City,"A movie that explores the dark and miserable town, Basin City, tells the story of three different people, all caught up in violent corruption.",Quentin Tarantino,Robert Rodriguez,Frank Miller,"Sin City A movie that explores the dark and miserable town, Basin City, tells the story of three different people, all caught up in violent corruption. Quentin Tarantino Robert Rodriguez Frank Miller"
Le scaphandre et le papillon,The true story of Elle editor Jean-Dominique Bauby who suffers a stroke and has to live with an almost totally paralyzed body; only his left eye isn't paralyzed.,Laura Obiols,Mathieu Amalric,Julian Schnabel,Le scaphandre et le papillon The true story of Elle editor Jean-Dominique Bauby who suffers a stroke and has to live with an almost totally paralyzed body; only his left eye isn't paralyzed. Laura Obiols Mathieu Amalric Julian Schnabel
G.O.R.A.,A slick young Turk kidnapped by extraterrestrials shows his great « humanitarian spirit » by outwitting the evil commander-in-chief of the planet of G.O.R.A.,Cem Yilmaz,Özge Özberk,Ömer Faruk Sorak,G.O.R.A. A slick young Turk kidnapped by extraterrestrials shows his great « humanitarian spirit » by outwitting the evil commander-in-chief of the planet of G.O.R.A. Cem Yilmaz Özge Özberk Ömer Faruk Sorak
Ratatouille,A rat who can cook makes an unusual alliance with a young kitchen worker at a famous restaurant.,Jan Pinkava,Brad Garrett,Brad Bird,Ratatouille A rat who can cook makes an unusual alliance with a young kitchen worker at a famous restaurant. Jan Pinkava Brad Garrett Brad Bird
Casino Royale,"After earning 00 status and a licence to kill, Secret Agent James Bond sets out on his first mission as 007. Bond must defeat a private banker funding terrorists in a high-stakes game of poker at Casino Royale, Montenegro.",Daniel Craig,Eva Green,Martin Campbell,"Casino Royale After earning 00 status and a licence to kill, Secret Agent James Bond sets out on his first mission as 007. Bond must defeat a private banker funding terrorists in a high-stakes game of poker at Casino Royale, Montenegro. Daniel Craig Eva Green Martin Campbell"
Kill Bill: Vol. 2,"The Bride continues her quest of vengeance against her former boss and lover Bill, the reclusive bouncer Budd, and the treacherous, one-eyed Elle.",Uma Thurman,David Carradine,Quentin Tarantino,"Kill Bill: Vol. 2 The Bride continues her quest of vengeance against her former boss and lover Bill, the reclusive bouncer Budd, and the treacherous, one-eyed Elle. Uma Thurman David Carradine Quentin Tarantino"
Vozvrashchenie,"In the Russian wilderness, two brothers face a range of new, conflicting emotions when their father - a man they know only through a single photograph - resurfaces.",Vladimir Garin,Ivan Dobronravov,Andrey Zvyagintsev,"Vozvrashchenie In the Russian wilderness, two brothers face a range of new, conflicting emotions when their father - a man they know only through a single photograph - resurfaces. Vladimir Garin Ivan Dobronravov Andrey Zvyagintsev"
Bom Yeoareum Gaeul Gyeoul Geurigo Bom,A boy is raised by a Buddhist monk in an isolated floating temple where the years pass like the seasons.,Ki-duk Kim,Yeong-su Oh,Ki-duk Kim,Bom Yeoareum Gaeul Gyeoul Geurigo Bom A boy is raised by a Buddhist monk in an isolated floating temple where the years pass like the seasons. Ki-duk Kim Yeong-su Oh Ki-duk Kim
Mar adentro,"The factual story of Spaniard Ramon Sampedro, who fought a thirty-year campaign in favor of euthanasia and his own right to die.",Javier Bardem,Belén Rueda,Alejandro Amenábar,"Mar adentro The factual story of Spaniard Ramon Sampedro, who fought a thirty-year campaign in favor of euthanasia and his own right to die. Javier Bardem Belén Rueda Alejandro Amenábar"
Cinderella Man,"The story of James J. Braddock, a supposedly washed-up boxer who came back to become a champion and an inspiration in the 1930s.",Russell Crowe,Renée Zellweger,Ron Howard,"Cinderella Man The story of James J. Braddock, a supposedly washed-up boxer who came back to become a champion and an inspiration in the 1930s. Russell Crowe Renée Zellweger Ron Howard"
Kal Ho Naa Ho,"Naina, an introverted, perpetually depressed girl's life changes when she meets Aman. But Aman has a secret of his own which changes their lives forever. Embroiled in all this is Rohit, Naina's best friend who conceals his love for her.",Preity Zinta,Shah Rukh Khan,Nikkhil Advani,"Kal Ho Naa Ho Naina, an introverted, perpetually depressed girl's life changes when she meets Aman. But Aman has a secret of his own which changes their lives forever. Embroiled in all this is Rohit, Naina's best friend who conceals his love for her. Preity Zinta Shah Rukh Khan Nikkhil Advani"
Mou gaan dou,"A story between a mole in the police department and an undercover cop. Their objectives are the same: to find out who is the mole, and who is the cop.",Alan Mak,Andy Lau,Andrew Lau,"Mou gaan dou A story between a mole in the police department and an undercover cop. Their objectives are the same: to find out who is the mole, and who is the cop. Alan Mak Andy Lau Andrew Lau"
Pirates of the Caribbean: The Curse of the Black Pearl,"Blacksmith Will Turner teams up with eccentric pirate ""Captain"" Jack Sparrow to save his love, the governor's daughter, from Jack's former pirate allies, who are now undead.",Johnny Depp,Geoffrey Rush,Gore Verbinski,"Pirates of the Caribbean: The Curse of the Black Pearl Blacksmith Will Turner teams up with eccentric pirate ""Captain"" Jack Sparrow to save his love, the governor's daughter, from Jack's former pirate allies, who are now undead. Johnny Depp Geoffrey Rush Gore Verbinski"
Big Fish,A frustrated son tries to determine the fact from fiction in his dying father's life.,Ewan McGregor,Albert Finney,Tim Burton,Big Fish A frustrated son tries to determine the fact from fiction in his dying father's life. Ewan McGregor Albert Finney Tim Burton
The Incredibles,"A family of undercover superheroes, while trying to live the quiet suburban life, are forced into action to save the world.",Craig T. Nelson,Samuel L. Jackson,Brad Bird,"The Incredibles A family of undercover superheroes, while trying to live the quiet suburban life, are forced into action to save the world. Craig T. Nelson Samuel L. Jackson Brad Bird"
Yeopgijeogin geunyeo,"A young man sees a drunk, cute woman standing too close to the tracks at a metro station in Seoul and pulls her back. She ends up getting him into trouble repeatedly after that, starting on the train.",Tae-Hyun Cha,Jun Ji-Hyun,Jae-young Kwak,"Yeopgijeogin geunyeo A young man sees a drunk, cute woman standing too close to the tracks at a metro station in Seoul and pulls her back. She ends up getting him into trouble repeatedly after that, starting on the train. Tae-Hyun Cha Jun Ji-Hyun Jae-young Kwak"
Dogville,"A woman on the run from the mob is reluctantly accepted in a small Colorado community in exchange for labor, but when a search visits the town she finds out that their support has a price.",Nicole Kidman,Paul Bettany,Lars von Trier,"Dogville A woman on the run from the mob is reluctantly accepted in a small Colorado community in exchange for labor, but when a search visits the town she finds out that their support has a price. Nicole Kidman Paul Bettany Lars von Trier"
Vizontele,Lives of residents in a small Anatolian village change when television is introduced to them,Ömer Faruk Sorak,Yilmaz Erdogan,Yilmaz Erdogan,Vizontele Lives of residents in a small Anatolian village change when television is introduced to them Ömer Faruk Sorak Yilmaz Erdogan Yilmaz Erdogan
Donnie Darko,"After narrowly escaping a bizarre accident, a troubled teenager is plagued by visions of a man in a large rabbit suit who manipulates him to commit a series of crimes.",Jake Gyllenhaal,Jena Malone,Richard Kelly,"Donnie Darko After narrowly escaping a bizarre accident, a troubled teenager is plagued by visions of a man in a large rabbit suit who manipulates him to commit a series of crimes. Jake Gyllenhaal Jena Malone Richard Kelly"
Magnolia,"An epic mosaic of interrelated characters in search of love, forgiveness, and meaning in the San Fernando Valley.",Tom Cruise,Jason Robards,Paul Thomas Anderson,"Magnolia An epic mosaic of interrelated characters in search of love, forgiveness, and meaning in the San Fernando Valley. Tom Cruise Jason Robards Paul Thomas Anderson"
Dancer in the Dark,"An East European girl travels to the United States with her young son, expecting it to be like a Hollywood film.",Björk,Catherine Deneuve,Lars von Trier,"Dancer in the Dark An East European girl travels to the United States with her young son, expecting it to be like a Hollywood film. Björk Catherine Deneuve Lars von Trier"
The Straight Story,An old man makes a long journey by lawnmower to mend his relationship with an ill brother.,Richard Farnsworth,Sissy Spacek,David Lynch,The Straight Story An old man makes a long journey by lawnmower to mend his relationship with an ill brother. Richard Farnsworth Sissy Spacek David Lynch
Pâfekuto burû,"A pop singer gives up her career to become an actress, but she slowly goes insane when she starts being stalked by an obsessed fan and what seems to be a ghost of her past.",Junko Iwao,Rica Matsumoto,Satoshi Kon,"Pâfekuto burû A pop singer gives up her career to become an actress, but she slowly goes insane when she starts being stalked by an obsessed fan and what seems to be a ghost of her past. Junko Iwao Rica Matsumoto Satoshi Kon"
Festen,"At Helge's 60th birthday party, some unpleasant family truths are revealed.",Ulrich Thomsen,Henning Moritzen,Thomas Vinterberg,"Festen At Helge's 60th birthday party, some unpleasant family truths are revealed. Ulrich Thomsen Henning Moritzen Thomas Vinterberg"
Central do Brasil,"An emotive journey of a former school teacher, who writes letters for illiterate people, and a young boy, whose mother has just died, as they search for the father he never knew.",Fernanda Montenegro,Vinícius de Oliveira,Walter Salles,"Central do Brasil An emotive journey of a former school teacher, who writes letters for illiterate people, and a young boy, whose mother has just died, as they search for the father he never knew. Fernanda Montenegro Vinícius de Oliveira Walter Salles"
The Iron Giant,A young boy befriends a giant robot from outer space that a paranoid government agent wants to destroy.,Eli Marienthal,Harry Connick Jr.,Brad Bird,The Iron Giant A young boy befriends a giant robot from outer space that a paranoid government agent wants to destroy. Eli Marienthal Harry Connick Jr. Brad Bird
Knockin' on Heaven's Door,"Two terminally ill patients escape from a hospital, steal a car and rush towards the sea.",Til Schweiger,Jan Josef Liefers,Thomas Jahn,"Knockin' on Heaven's Door Two terminally ill patients escape from a hospital, steal a car and rush towards the sea. Til Schweiger Jan Josef Liefers Thomas Jahn"
Sling Blade,"Karl Childers, a simple man hospitalized since his childhood murder of his mother and her lover, is released to start a new life in a small town.",Billy Bob Thornton,Dwight Yoakam,Billy Bob Thornton,"Sling Blade Karl Childers, a simple man hospitalized since his childhood murder of his mother and her lover, is released to start a new life in a small town. Billy Bob Thornton Dwight Yoakam Billy Bob Thornton"
Secrets & Lies,"Following the death of her adoptive parents, a successful young black optometrist establishes contact with her biological mother -- a lonely white factory worker living in poverty in East London.",Timothy Spall,Brenda Blethyn,Mike Leigh,"Secrets & Lies Following the death of her adoptive parents, a successful young black optometrist establishes contact with her biological mother -- a lonely white factory worker living in poverty in East London. Timothy Spall Brenda Blethyn Mike Leigh"
Twelve Monkeys,"In a future world devastated by disease, a convict is sent back in time to gather information about the man-made virus that wiped out most of the human population on the planet.",Bruce Willis,Madeleine Stowe,Terry Gilliam,"Twelve Monkeys In a future world devastated by disease, a convict is sent back in time to gather information about the man-made virus that wiped out most of the human population on the planet. Bruce Willis Madeleine Stowe Terry Gilliam"
Kôkaku Kidôtai,A cyborg policewoman and her partner hunt a mysterious and powerful hacker called the Puppet Master.,Atsuko Tanaka,Iemasa Kayumi,Mamoru Oshii,Kôkaku Kidôtai A cyborg policewoman and her partner hunt a mysterious and powerful hacker called the Puppet Master. Atsuko Tanaka Iemasa Kayumi Mamoru Oshii
The Nightmare Before Christmas,"Jack Skellington, king of Halloween Town, discovers Christmas Town, but his attempts to bring Christmas to his home causes confusion.",Danny Elfman,Chris Sarandon,Henry Selick,"The Nightmare Before Christmas Jack Skellington, king of Halloween Town, discovers Christmas Town, but his attempts to bring Christmas to his home causes confusion. Danny Elfman Chris Sarandon Henry Selick"
Groundhog Day,A weatherman finds himself inexplicably living the same day over and over again.,Bill Murray,Andie MacDowell,Harold Ramis,Groundhog Day A weatherman finds himself inexplicably living the same day over and over again. Bill Murray Andie MacDowell Harold Ramis
Bound by Honor,"Based on the true life experiences of poet Jimmy Santiago Baca, the film focuses on step-brothers Paco and Cruz, and their bi-racial cousin Miklo.",Damian Chapa,Jesse Borrego,Taylor Hackford,"Bound by Honor Based on the true life experiences of poet Jimmy Santiago Baca, the film focuses on step-brothers Paco and Cruz, and their bi-racial cousin Miklo. Damian Chapa Jesse Borrego Taylor Hackford"
Scent of a Woman,"A prep school student needing money agrees to ""babysit"" a blind man, but the job is not at all what he anticipated.",Al Pacino,Chris O'Donnell,Martin Brest,"Scent of a Woman A prep school student needing money agrees to ""babysit"" a blind man, but the job is not at all what he anticipated. Al Pacino Chris O'Donnell Martin Brest"
Aladdin,A kindhearted street urchin and a power-hungry Grand Vizier vie for a magic lamp that has the power to make their deepest wishes come true.,John Musker,Scott Weinger,Ron Clements,Aladdin A kindhearted street urchin and a power-hungry Grand Vizier vie for a magic lamp that has the power to make their deepest wishes come true. John Musker Scott Weinger Ron Clements
JFK,New Orleans District Attorney Jim Garrison discovers there's more to the Kennedy assassination than the official story.,Kevin Costner,Gary Oldman,Oliver Stone,JFK New Orleans District Attorney Jim Garrison discovers there's more to the Kennedy assassination than the official story. Kevin Costner Gary Oldman Oliver Stone
Beauty and the Beast,A prince cursed to spend his days as a hideous monster sets out to regain his humanity by earning a young woman's love.,Kirk Wise,Paige O'Hara,Gary Trousdale,Beauty and the Beast A prince cursed to spend his days as a hideous monster sets out to regain his humanity by earning a young woman's love. Kirk Wise Paige O'Hara Gary Trousdale
Dances with Wolves,"Lieutenant John Dunbar, assigned to a remote western Civil War outpost, befriends wolves and Indians, making him an intolerable aberration in the military.",Kevin Costner,Mary McDonnell,Kevin Costner,"Dances with Wolves Lieutenant John Dunbar, assigned to a remote western Civil War outpost, befriends wolves and Indians, making him an intolerable aberration in the military. Kevin Costner Mary McDonnell Kevin Costner"
Do the Right Thing,"On the hottest day of the year on a street in the Bedford-Stuyvesant section of Brooklyn, everyone's hate and bigotry smolders and builds until it explodes into violence.",Danny Aiello,Ossie Davis,Spike Lee,"Do the Right Thing On the hottest day of the year on a street in the Bedford-Stuyvesant section of Brooklyn, everyone's hate and bigotry smolders and builds until it explodes into violence. Danny Aiello Ossie Davis Spike Lee"
Rain Man,Selfish yuppie Charlie Babbitt's father left a fortune to his savant brother Raymond and a pittance to Charlie; they travel cross-country.,Dustin Hoffman,Tom Cruise,Barry Levinson,Rain Man Selfish yuppie Charlie Babbitt's father left a fortune to his savant brother Raymond and a pittance to Charlie; they travel cross-country. Dustin Hoffman Tom Cruise Barry Levinson
Akira,A secret military project endangers Neo-Tokyo when it turns a biker gang member into a rampaging psychic psychopath who can only be stopped by two teenagers and a group of psychics.,Mitsuo Iwata,Nozomu Sasaki,Katsuhiro Ôtomo,Akira A secret military project endangers Neo-Tokyo when it turns a biker gang member into a rampaging psychic psychopath who can only be stopped by two teenagers and a group of psychics. Mitsuo Iwata Nozomu Sasaki Katsuhiro Ôtomo
The Princess Bride,"While home sick in bed, a young boy's grandfather reads him the story of a farmboy-turned-pirate who encounters numerous obstacles, enemies and allies in his quest to be reunited with his true love.",Cary Elwes,Mandy Patinkin,Rob Reiner,"The Princess Bride While home sick in bed, a young boy's grandfather reads him the story of a farmboy-turned-pirate who encounters numerous obstacles, enemies and allies in his quest to be reunited with his true love. Cary Elwes Mandy Patinkin Rob Reiner"
Der Himmel über Berlin,An angel tires of overseeing human activity and wishes to become human when he falls in love with a mortal.,Bruno Ganz,Solveig Dommartin,Wim Wenders,Der Himmel über Berlin An angel tires of overseeing human activity and wishes to become human when he falls in love with a mortal. Bruno Ganz Solveig Dommartin Wim Wenders
Au revoir les enfants,"A French boarding school run by priests seems to be a haven from World War II until a new student arrives. He becomes the roommate of the top student in his class. Rivals at first, the roommates form a bond and share a secret.",Gaspard Manesse,Raphael Fejtö,Louis Malle,"Au revoir les enfants A French boarding school run by priests seems to be a haven from World War II until a new student arrives. He becomes the roommate of the top student in his class. Rivals at first, the roommates form a bond and share a secret. Gaspard Manesse Raphael Fejtö Louis Malle"
Tenkû no shiro Rapyuta,A young boy and a girl with a magic crystal must race against pirates and foreign agents in a search for a legendary floating castle.,Mayumi Tanaka,Keiko Yokozawa,Hayao Miyazaki,Tenkû no shiro Rapyuta A young boy and a girl with a magic crystal must race against pirates and foreign agents in a search for a legendary floating castle. Mayumi Tanaka Keiko Yokozawa Hayao Miyazaki
The Terminator,"A human soldier is sent from 2029 to 1984 to stop an almost indestructible cyborg killing machine, sent from the same year, which has been programmed to execute a young woman whose unborn son is the key to humanity's future salvation.",Arnold Schwarzenegger,Linda Hamilton,James Cameron,"The Terminator A human soldier is sent from 2029 to 1984 to stop an almost indestructible cyborg killing machine, sent from the same year, which has been programmed to execute a young woman whose unborn son is the key to humanity's future salvation. Arnold Schwarzenegger Linda Hamilton James Cameron"
Gandhi,The life of the lawyer who became the famed leader of the Indian revolts against the British rule through his philosophy of nonviolent protest.,Ben Kingsley,John Gielgud,Richard Attenborough,Gandhi The life of the lawyer who became the famed leader of the Indian revolts against the British rule through his philosophy of nonviolent protest. Ben Kingsley John Gielgud Richard Attenborough
Kagemusha,A petty thief with an utter resemblance to a samurai warlord is hired as the lord's double. When the warlord later dies the thief is forced to take up arms in his place.,Tatsuya Nakadai,Tsutomu Yamazaki,Akira Kurosawa,Kagemusha A petty thief with an utter resemblance to a samurai warlord is hired as the lord's double. When the warlord later dies the thief is forced to take up arms in his place. Tatsuya Nakadai Tsutomu Yamazaki Akira Kurosawa
Being There,"A simpleminded, sheltered gardener becomes an unlikely trusted advisor to a powerful businessman and an insider in Washington politics.",Peter Sellers,Shirley MacLaine,Hal Ashby,"Being There A simpleminded, sheltered gardener becomes an unlikely trusted advisor to a powerful businessman and an insider in Washington politics. Peter Sellers Shirley MacLaine Hal Ashby"
Annie Hall,Neurotic New York comedian Alvy Singer falls in love with the ditzy Annie Hall.,Woody Allen,Diane Keaton,Woody Allen,Annie Hall Neurotic New York comedian Alvy Singer falls in love with the ditzy Annie Hall. Woody Allen Diane Keaton Woody Allen
Jaws,"When a killer shark unleashes chaos on a beach community, it's up to a local sheriff, a marine biologist, and an old seafarer to hunt the beast down.",Roy Scheider,Robert Shaw,Steven Spielberg,"Jaws When a killer shark unleashes chaos on a beach community, it's up to a local sheriff, a marine biologist, and an old seafarer to hunt the beast down. Roy Scheider Robert Shaw Steven Spielberg"
Dog Day Afternoon,"Three amateur bank robbers plan to hold up a bank. A nice simple robbery: Walk in, take the money, and run. Unfortunately, the supposedly uncomplicated heist suddenly becomes a bizarre nightmare as everything that could go wrong does.",Al Pacino,John Cazale,Sidney Lumet,"Dog Day Afternoon Three amateur bank robbers plan to hold up a bank. A nice simple robbery: Walk in, take the money, and run. Unfortunately, the supposedly uncomplicated heist suddenly becomes a bizarre nightmare as everything that could go wrong does. Al Pacino John Cazale Sidney Lumet"
Young Frankenstein,"An American grandson of the infamous scientist, struggling to prove that his grandfather was not as insane as people believe, is invited to Transylvania, where he discovers the process that reanimates a dead body.",Gene Wilder,Madeline Kahn,Mel Brooks,"Young Frankenstein An American grandson of the infamous scientist, struggling to prove that his grandfather was not as insane as people believe, is invited to Transylvania, where he discovers the process that reanimates a dead body. Gene Wilder Madeline Kahn Mel Brooks"
Papillon,"A man befriends a fellow criminal as the two of them begin serving their sentence on a dreadful prison island, which inspires the man to plot his escape.",Steve McQueen,Dustin Hoffman,Franklin J. Schaffner,"Papillon A man befriends a fellow criminal as the two of them begin serving their sentence on a dreadful prison island, which inspires the man to plot his escape. Steve McQueen Dustin Hoffman Franklin J. Schaffner"
The Exorcist,"When a 12-year-old girl is possessed by a mysterious entity, her mother seeks the help of two priests to save her.",Ellen Burstyn,Max von Sydow,William Friedkin,"The Exorcist When a 12-year-old girl is possessed by a mysterious entity, her mother seeks the help of two priests to save her. Ellen Burstyn Max von Sydow William Friedkin"
Sleuth,"A man who loves games and theater invites his wife's lover to meet him, setting up a battle of wits with potentially deadly results.",Laurence Olivier,Michael Caine,Joseph L. Mankiewicz,"Sleuth A man who loves games and theater invites his wife's lover to meet him, setting up a battle of wits with potentially deadly results. Laurence Olivier Michael Caine Joseph L. Mankiewicz"
The Last Picture Show,"In 1951, a group of high schoolers come of age in a bleak, isolated, atrophied North Texas town that is slowly dying, both culturally and economically.",Timothy Bottoms,Jeff Bridges,Peter Bogdanovich,"The Last Picture Show In 1951, a group of high schoolers come of age in a bleak, isolated, atrophied North Texas town that is slowly dying, both culturally and economically. Timothy Bottoms Jeff Bridges Peter Bogdanovich"
Fiddler on the Roof,"In prerevolutionary Russia, a Jewish peasant contends with marrying off three of his daughters while growing anti-Semitic sentiment threatens his village.",Topol,Norma Crane,Norman Jewison,"Fiddler on the Roof In prerevolutionary Russia, a Jewish peasant contends with marrying off three of his daughters while growing anti-Semitic sentiment threatens his village. Topol Norma Crane Norman Jewison"
Il conformista,"A weak-willed Italian man becomes a fascist flunky who goes abroad to arrange the assassination of his old teacher, now a political dissident.",Jean-Louis Trintignant,Stefania Sandrelli,Bernardo Bertolucci,"Il conformista A weak-willed Italian man becomes a fascist flunky who goes abroad to arrange the assassination of his old teacher, now a political dissident. Jean-Louis Trintignant Stefania Sandrelli Bernardo Bertolucci"
Butch Cassidy and the Sundance Kid,"Wyoming, early 1900s. Butch Cassidy and The Sundance Kid are the leaders of a band of outlaws. After a train robbery goes wrong they find themselves on the run with a posse hard on their heels. Their solution - escape to Bolivia.",Paul Newman,Robert Redford,George Roy Hill,"Butch Cassidy and the Sundance Kid Wyoming, early 1900s. Butch Cassidy and The Sundance Kid are the leaders of a band of outlaws. After a train robbery goes wrong they find themselves on the run with a posse hard on their heels. Their solution - escape to Bolivia. Paul Newman Robert Redford George Roy Hill"
Rosemary's Baby,A young couple trying for a baby move into a fancy apartment surrounded by peculiar neighbors.,Mia Farrow,John Cassavetes,Roman Polanski,Rosemary's Baby A young couple trying for a baby move into a fancy apartment surrounded by peculiar neighbors. Mia Farrow John Cassavetes Roman Polanski
Planet of the Apes,"An astronaut crew crash-lands on a planet in the distant future where intelligent talking apes are the dominant species, and humans are the oppressed and enslaved.",Charlton Heston,Roddy McDowall,Franklin J. Schaffner,"Planet of the Apes An astronaut crew crash-lands on a planet in the distant future where intelligent talking apes are the dominant species, and humans are the oppressed and enslaved. Charlton Heston Roddy McDowall Franklin J. Schaffner"
The Graduate,A disillusioned college graduate finds himself torn between his older lover and her daughter.,Dustin Hoffman,Anne Bancroft,Mike Nichols,The Graduate A disillusioned college graduate finds himself torn between his older lover and her daughter. Dustin Hoffman Anne Bancroft Mike Nichols
Who's Afraid of Virginia Woolf?,"A bitter, aging couple, with the help of alcohol, use their young houseguests to fuel anguish and emotional pain towards each other over the course of a distressing night.",Elizabeth Taylor,Richard Burton,Mike Nichols,"Who's Afraid of Virginia Woolf? A bitter, aging couple, with the help of alcohol, use their young houseguests to fuel anguish and emotional pain towards each other over the course of a distressing night. Elizabeth Taylor Richard Burton Mike Nichols"
The Sound of Music,A woman leaves an Austrian convent to become a governess to the children of a Naval officer widower.,Julie Andrews,Christopher Plummer,Robert Wise,The Sound of Music A woman leaves an Austrian convent to become a governess to the children of a Naval officer widower. Julie Andrews Christopher Plummer Robert Wise
Doctor Zhivago,"The life of a Russian physician and poet who, although married to another, falls in love with a political activist's wife and experiences hardship during World War I and then the October Revolution.",Omar Sharif,Julie Christie,David Lean,"Doctor Zhivago The life of a Russian physician and poet who, although married to another, falls in love with a political activist's wife and experiences hardship during World War I and then the October Revolution. Omar Sharif Julie Christie David Lean"
Per un pugno di dollari,"A wandering gunfighter plays two rival families against each other in a town torn apart by greed, pride, and revenge.",Clint Eastwood,Gian Maria Volontè,Sergio Leone,"Per un pugno di dollari A wandering gunfighter plays two rival families against each other in a town torn apart by greed, pride, and revenge. Clint Eastwood Gian Maria Volontè Sergio Leone"
8½,A harried movie director retreats into his memories and fantasies.,Marcello Mastroianni,Anouk Aimée,Federico Fellini,8½ A harried movie director retreats into his memories and fantasies. Marcello Mastroianni Anouk Aimée Federico Fellini
Vivre sa vie: Film en douze tableaux,Twelve episodic tales in the life of a Parisian woman and her slow descent into prostitution.,Anna Karina,Sady Rebbot,Jean-Luc Godard,Vivre sa vie: Film en douze tableaux Twelve episodic tales in the life of a Parisian woman and her slow descent into prostitution. Anna Karina Sady Rebbot Jean-Luc Godard
The Hustler,An up-and-coming pool player plays a long-time champion in a single high-stakes match.,Paul Newman,Jackie Gleason,Robert Rossen,The Hustler An up-and-coming pool player plays a long-time champion in a single high-stakes match. Paul Newman Jackie Gleason Robert Rossen
La dolce vita,A series of stories following a week in the life of a philandering paparazzo journalist living in Rome.,Marcello Mastroianni,Anita Ekberg,Federico Fellini,La dolce vita A series of stories following a week in the life of a philandering paparazzo journalist living in Rome. Marcello Mastroianni Anita Ekberg Federico Fellini
Rio Bravo,"A small-town sheriff in the American West enlists the help of a cripple, a drunk, and a young gunfighter in his efforts to hold in jail the brother of the local bad guy.",John Wayne,Dean Martin,Howard Hawks,"Rio Bravo A small-town sheriff in the American West enlists the help of a cripple, a drunk, and a young gunfighter in his efforts to hold in jail the brother of the local bad guy. John Wayne Dean Martin Howard Hawks"
Anatomy of a Murder,"In a murder trial, the defendant says he suffered temporary insanity after the victim raped his wife. What is the truth, and will he win his case?",James Stewart,Lee Remick,Otto Preminger,"Anatomy of a Murder In a murder trial, the defendant says he suffered temporary insanity after the victim raped his wife. What is the truth, and will he win his case? James Stewart Lee Remick Otto Preminger"
Touch of Evil,"A stark, perverse story of murder, kidnapping, and police corruption in a Mexican border town.",Charlton Heston,Orson Welles,Orson Welles,"Touch of Evil A stark, perverse story of murder, kidnapping, and police corruption in a Mexican border town. Charlton Heston Orson Welles Orson Welles"
Cat on a Hot Tin Roof,Brick is an alcoholic ex-football player who drinks his days away and resists the affections of his wife. A reunion with his terminal father jogs a host of memories and revelations for both father and son.,Elizabeth Taylor,Paul Newman,Richard Brooks,Cat on a Hot Tin Roof Brick is an alcoholic ex-football player who drinks his days away and resists the affections of his wife. A reunion with his terminal father jogs a host of memories and revelations for both father and son. Elizabeth Taylor Paul Newman Richard Brooks
Sweet Smell of Success,Powerful but unethical Broadway columnist J.J. Hunsecker coerces unscrupulous press agent Sidney Falco into breaking up his sister's romance with a jazz musician.,Burt Lancaster,Tony Curtis,Alexander Mackendrick,Sweet Smell of Success Powerful but unethical Broadway columnist J.J. Hunsecker coerces unscrupulous press agent Sidney Falco into breaking up his sister's romance with a jazz musician. Burt Lancaster Tony Curtis Alexander Mackendrick
The Killing,Crook Johnny Clay assembles a five man team to plan and execute a daring race-track robbery.,Sterling Hayden,Coleen Gray,Stanley Kubrick,The Killing Crook Johnny Clay assembles a five man team to plan and execute a daring race-track robbery. Sterling Hayden Coleen Gray Stanley Kubrick
The Night of the Hunter,"A religious fanatic marries a gullible widow whose young children are reluctant to tell him where their real daddy hid the $10,000 he'd stolen in a robbery.",Robert Mitchum,Shelley Winters,Charles Laughton,"The Night of the Hunter A religious fanatic marries a gullible widow whose young children are reluctant to tell him where their real daddy hid the $10,000 he'd stolen in a robbery. Robert Mitchum Shelley Winters Charles Laughton"
La Strada,"A care-free girl is sold to a traveling entertainer, consequently enduring physical and emotional pain along the way.",Anthony Quinn,Giulietta Masina,Federico Fellini,"La Strada A care-free girl is sold to a traveling entertainer, consequently enduring physical and emotional pain along the way. Anthony Quinn Giulietta Masina Federico Fellini"
Les diaboliques,The wife and mistress of a loathed school principal plan to murder him with what they believe is the perfect alibi.,Simone Signoret,Véra Clouzot,Henri-Georges Clouzot,Les diaboliques The wife and mistress of a loathed school principal plan to murder him with what they believe is the perfect alibi. Simone Signoret Véra Clouzot Henri-Georges Clouzot
Stalag 17,"When two escaping American World War II prisoners are killed, the German P.O.W. camp barracks black marketeer, J.J. Sefton, is suspected of being an informer.",William Holden,Don Taylor,Billy Wilder,"Stalag 17 When two escaping American World War II prisoners are killed, the German P.O.W. camp barracks black marketeer, J.J. Sefton, is suspected of being an informer. William Holden Don Taylor Billy Wilder"
Roman Holiday,A bored and sheltered princess escapes her guardians and falls in love with an American newsman in Rome.,Gregory Peck,Audrey Hepburn,William Wyler,Roman Holiday A bored and sheltered princess escapes her guardians and falls in love with an American newsman in Rome. Gregory Peck Audrey Hepburn William Wyler
A Streetcar Named Desire,Disturbed Blanche DuBois moves in with her sister in New Orleans and is tormented by her brutish brother-in-law while her reality crumbles around her.,Vivien Leigh,Marlon Brando,Elia Kazan,A Streetcar Named Desire Disturbed Blanche DuBois moves in with her sister in New Orleans and is tormented by her brutish brother-in-law while her reality crumbles around her. Vivien Leigh Marlon Brando Elia Kazan
In a Lonely Place,"A potentially violent screenwriter is a murder suspect until his lovely neighbor clears him. However, she soon starts to have her doubts.",Humphrey Bogart,Gloria Grahame,Nicholas Ray,"In a Lonely Place A potentially violent screenwriter is a murder suspect until his lovely neighbor clears him. However, she soon starts to have her doubts. Humphrey Bogart Gloria Grahame Nicholas Ray"
Kind Hearts and Coronets,A distant poor relative of the Duke D'Ascoyne plots to inherit the title by murdering the eight other heirs who stand ahead of him in the line of succession.,Dennis Price,Alec Guinness,Robert Hamer,Kind Hearts and Coronets A distant poor relative of the Duke D'Ascoyne plots to inherit the title by murdering the eight other heirs who stand ahead of him in the line of succession. Dennis Price Alec Guinness Robert Hamer
Rope,Two men attempt to prove they committed the perfect crime by hosting a dinner party after strangling their former classmate to death.,James Stewart,John Dall,Alfred Hitchcock,Rope Two men attempt to prove they committed the perfect crime by hosting a dinner party after strangling their former classmate to death. James Stewart John Dall Alfred Hitchcock
Out of the Past,"A private eye escapes his past to run a gas station in a small town, but his past catches up with him. Now he must return to the big city world of danger, corruption, double crosses and duplicitous dames.",Robert Mitchum,Jane Greer,Jacques Tourneur,"Out of the Past A private eye escapes his past to run a gas station in a small town, but his past catches up with him. Now he must return to the big city world of danger, corruption, double crosses and duplicitous dames. Robert Mitchum Jane Greer Jacques Tourneur"
Brief Encounter,"Meeting a stranger in a railway station, a woman is tempted to cheat on her husband.",Celia Johnson,Trevor Howard,David Lean,"Brief Encounter Meeting a stranger in a railway station, a woman is tempted to cheat on her husband. Celia Johnson Trevor Howard David Lean"
Laura,A police detective falls in love with the woman whose murder he is investigating.,Gene Tierney,Dana Andrews,Otto Preminger,Laura A police detective falls in love with the woman whose murder he is investigating. Gene Tierney Dana Andrews Otto Preminger
The Best Years of Our Lives,Three World War II veterans return home to small-town America to discover that they and their families have been irreparably changed.,Myrna Loy,Dana Andrews,William Wyler,The Best Years of Our Lives Three World War II veterans return home to small-town America to discover that they and their families have been irreparably changed. Myrna Loy Dana Andrews William Wyler
Arsenic and Old Lace,A writer of books on the futility of marriage risks his reputation when he decides to get married. Things get even more complicated when he learns on his wedding day that his beloved maiden aunts are habitual murderers.,Cary Grant,Priscilla Lane,Frank Capra,Arsenic and Old Lace A writer of books on the futility of marriage risks his reputation when he decides to get married. Things get even more complicated when he learns on his wedding day that his beloved maiden aunts are habitual murderers. Cary Grant Priscilla Lane Frank Capra
The Maltese Falcon,"A private detective takes on a case that involves him with three eccentric criminals, a gorgeous liar, and their quest for a priceless statuette.",Humphrey Bogart,Mary Astor,John Huston,"The Maltese Falcon A private detective takes on a case that involves him with three eccentric criminals, a gorgeous liar, and their quest for a priceless statuette. Humphrey Bogart Mary Astor John Huston"
The Grapes of Wrath,"A poor Midwest family is forced off their land. They travel to California, suffering the misfortunes of the homeless in the Great Depression.",Henry Fonda,Jane Darwell,John Ford,"The Grapes of Wrath A poor Midwest family is forced off their land. They travel to California, suffering the misfortunes of the homeless in the Great Depression. Henry Fonda Jane Darwell John Ford"
The Wizard of Oz,Dorothy Gale is swept away from a farm in Kansas to a magical land of Oz in a tornado and embarks on a quest with her new friends to see the Wizard who can help her return home to Kansas and help her friends as well.,George Cukor,Mervyn LeRoy,Victor Fleming,The Wizard of Oz Dorothy Gale is swept away from a farm in Kansas to a magical land of Oz in a tornado and embarks on a quest with her new friends to see the Wizard who can help her return home to Kansas and help her friends as well. George Cukor Mervyn LeRoy Victor Fleming
La règle du jeu,"A bourgeois life in France at the onset of World War II, as the rich and their poor servants meet up at a French chateau.",Marcel Dalio,Nora Gregor,Jean Renoir,"La règle du jeu A bourgeois life in France at the onset of World War II, as the rich and their poor servants meet up at a French chateau. Marcel Dalio Nora Gregor Jean Renoir"
The Thin Man,"Former detective Nick Charles and his wealthy wife Nora investigate a murder case, mostly for the fun of it.",William Powell,Myrna Loy,W.S. Van Dyke,"The Thin Man Former detective Nick Charles and his wealthy wife Nora investigate a murder case, mostly for the fun of it. William Powell Myrna Loy W.S. Van Dyke"
All Quiet on the Western Front,"A German youth eagerly enters World War I, but his enthusiasm wanes as he gets a firsthand view of the horror.",Lew Ayres,Louis Wolheim,Lewis Milestone,"All Quiet on the Western Front A German youth eagerly enters World War I, but his enthusiasm wanes as he gets a firsthand view of the horror. Lew Ayres Louis Wolheim Lewis Milestone"
Bronenosets Potemkin,"In the midst of the Russian Revolution of 1905, the crew of the battleship Potemkin mutiny against the brutal, tyrannical regime of the vessel's officers. The resulting street demonstration in Odessa brings on a police massacre.",Aleksandr Antonov,Vladimir Barskiy,Sergei M. Eisenstein,"Bronenosets Potemkin In the midst of the Russian Revolution of 1905, the crew of the battleship Potemkin mutiny against the brutal, tyrannical regime of the vessel's officers. The resulting street demonstration in Odessa brings on a police massacre. Aleksandr Antonov Vladimir Barskiy Sergei M. Eisenstein"
Knives Out,"A detective investigates the death of a patriarch of an eccentric, combative family.",Daniel Craig,Chris Evans,Rian Johnson,"Knives Out A detective investigates the death of a patriarch of an eccentric, combative family. Daniel Craig Chris Evans Rian Johnson"
Dil Bechara,"The emotional journey of two hopelessly in love youngsters, a young girl, Kizie, suffering from cancer, and a boy, Manny, whom she meets at a support group.",Sushant Singh Rajput,Sanjana Sanghi,Mukesh Chhabra,"Dil Bechara The emotional journey of two hopelessly in love youngsters, a young girl, Kizie, suffering from cancer, and a boy, Manny, whom she meets at a support group. Sushant Singh Rajput Sanjana Sanghi Mukesh Chhabra"
Manbiki kazoku,A family of small-time crooks take in a child they find outside in the cold.,Lily Franky,Sakura Andô,Hirokazu Koreeda,Manbiki kazoku A family of small-time crooks take in a child they find outside in the cold. Lily Franky Sakura Andô Hirokazu Koreeda
Marriage Story,Noah Baumbach's incisive and compassionate look at a marriage breaking up and a family staying together.,Adam Driver,Scarlett Johansson,Noah Baumbach,Marriage Story Noah Baumbach's incisive and compassionate look at a marriage breaking up and a family staying together. Adam Driver Scarlett Johansson Noah Baumbach
Call Me by Your Name,"In 1980s Italy, romance blossoms between a seventeen-year-old student and the older man hired as his father's research assistant.",Armie Hammer,Timothée Chalamet,Luca Guadagnino,"Call Me by Your Name In 1980s Italy, romance blossoms between a seventeen-year-old student and the older man hired as his father's research assistant. Armie Hammer Timothée Chalamet Luca Guadagnino"
"I, Daniel Blake","After having suffered a heart-attack, a 59-year-old carpenter must fight the bureaucratic forces of the system in order to receive Employment and Support Allowance.",Laura Obiols,Dave Johns,Ken Loach,"I, Daniel Blake After having suffered a heart-attack, a 59-year-old carpenter must fight the bureaucratic forces of the system in order to receive Employment and Support Allowance. Laura Obiols Dave Johns Ken Loach"
Isle of Dogs,"Set in Japan, Isle of Dogs follows a boy's odyssey in search of his lost dog.",Bryan Cranston,Koyu Rankin,Wes Anderson,"Isle of Dogs Set in Japan, Isle of Dogs follows a boy's odyssey in search of his lost dog. Bryan Cranston Koyu Rankin Wes Anderson"
Hunt for the Wilderpeople,A national manhunt is ordered for a rebellious kid and his foster uncle who go missing in the wild New Zealand bush.,Sam Neill,Julian Dennison,Taika Waititi,Hunt for the Wilderpeople A national manhunt is ordered for a rebellious kid and his foster uncle who go missing in the wild New Zealand bush. Sam Neill Julian Dennison Taika Waititi
Captain Fantastic,"In the forests of the Pacific Northwest, a father devoted to raising his six kids with a rigorous physical and intellectual education is forced to leave his paradise and enter the world, challenging his idea of what it means to be a parent.",Viggo Mortensen,George MacKay,Matt Ross,"Captain Fantastic In the forests of the Pacific Northwest, a father devoted to raising his six kids with a rigorous physical and intellectual education is forced to leave his paradise and enter the world, challenging his idea of what it means to be a parent. Viggo Mortensen George MacKay Matt Ross"
Sing Street,A boy growing up in Dublin during the 1980s escapes his strained family life by starting a band to impress the mysterious girl he likes.,Ferdia Walsh-Peelo,Aidan Gillen,John Carney,Sing Street A boy growing up in Dublin during the 1980s escapes his strained family life by starting a band to impress the mysterious girl he likes. Ferdia Walsh-Peelo Aidan Gillen John Carney
Thor: Ragnarok,"Imprisoned on the planet Sakaar, Thor must race against time to return to Asgard and stop Ragnarök, the destruction of his world, at the hands of the powerful and ruthless villain Hela.",Chris Hemsworth,Tom Hiddleston,Taika Waititi,"Thor: Ragnarok Imprisoned on the planet Sakaar, Thor must race against time to return to Asgard and stop Ragnarök, the destruction of his world, at the hands of the powerful and ruthless villain Hela. Chris Hemsworth Tom Hiddleston Taika Waititi"
Nightcrawler,"When Louis Bloom, a con man desperate for work, muscles into the world of L.A. crime journalism, he blurs the line between observer and participant to become the star of his own story.",Jake Gyllenhaal,Rene Russo,Dan Gilroy,"Nightcrawler When Louis Bloom, a con man desperate for work, muscles into the world of L.A. crime journalism, he blurs the line between observer and participant to become the star of his own story. Jake Gyllenhaal Rene Russo Dan Gilroy"
Jojo Rabbit,A young boy in Hitler's army finds out his mother is hiding a Jewish girl in their home.,Roman Griffin Davis,Thomasin McKenzie,Taika Waititi,Jojo Rabbit A young boy in Hitler's army finds out his mother is hiding a Jewish girl in their home. Roman Griffin Davis Thomasin McKenzie Taika Waititi
Arrival,A linguist works with the military to communicate with alien lifeforms after twelve mysterious spacecrafts appear around the world.,Amy Adams,Jeremy Renner,Denis Villeneuve,Arrival A linguist works with the military to communicate with alien lifeforms after twelve mysterious spacecrafts appear around the world. Amy Adams Jeremy Renner Denis Villeneuve
Star Wars: Episode VII - The Force Awakens,"As a new threat to the galaxy rises, Rey, a desert scavenger, and Finn, an ex-stormtrooper, must join Han Solo and Chewbacca to search for the one hope of restoring peace.",Daisy Ridley,John Boyega,J.J. Abrams,"Star Wars: Episode VII - The Force Awakens As a new threat to the galaxy rises, Rey, a desert scavenger, and Finn, an ex-stormtrooper, must join Han Solo and Chewbacca to search for the one hope of restoring peace. Daisy Ridley John Boyega J.J. Abrams"
Before Midnight,We meet Jesse and Celine nine years on in Greece. Almost two decades have passed since their first meeting on that train bound for Vienna.,Ethan Hawke,Julie Delpy,Richard Linklater,Before Midnight We meet Jesse and Celine nine years on in Greece. Almost two decades have passed since their first meeting on that train bound for Vienna. Ethan Hawke Julie Delpy Richard Linklater
X-Men: Days of Future Past,The X-Men send Wolverine to the past in a desperate effort to change history and prevent an event that results in doom for both humans and mutants.,Patrick Stewart,Ian McKellen,Bryan Singer,X-Men: Days of Future Past The X-Men send Wolverine to the past in a desperate effort to change history and prevent an event that results in doom for both humans and mutants. Patrick Stewart Ian McKellen Bryan Singer
Bir Zamanlar Anadolu'da,A group of men set out in search of a dead body in the Anatolian steppes.,Muhammet Uzuner,Yilmaz Erdogan,Nuri Bilge Ceylan,Bir Zamanlar Anadolu'da A group of men set out in search of a dead body in the Anatolian steppes. Muhammet Uzuner Yilmaz Erdogan Nuri Bilge Ceylan
The Artist,An egomaniacal film star develops a relationship with a young dancer against the backdrop of Hollywood's silent era.,Jean Dujardin,Bérénice Bejo,Michel Hazanavicius,The Artist An egomaniacal film star develops a relationship with a young dancer against the backdrop of Hollywood's silent era. Jean Dujardin Bérénice Bejo Michel Hazanavicius
Edge of Tomorrow,"A soldier fighting aliens gets to relive the same day over and over again, the day restarting every time he dies.",Tom Cruise,Emily Blunt,Doug Liman,"Edge of Tomorrow A soldier fighting aliens gets to relive the same day over and over again, the day restarting every time he dies. Tom Cruise Emily Blunt Doug Liman"
Amour,"Georges and Anne are an octogenarian couple. They are cultivated, retired music teachers. Their daughter, also a musician, lives in Britain with her family. One day, Anne has a stroke, and the couple's bond of love is severely tested.",Jean-Louis Trintignant,Emmanuelle Riva,Michael Haneke,"Amour Georges and Anne are an octogenarian couple. They are cultivated, retired music teachers. Their daughter, also a musician, lives in Britain with her family. One day, Anne has a stroke, and the couple's bond of love is severely tested. Jean-Louis Trintignant Emmanuelle Riva Michael Haneke"
The Irishman,"An old man recalls his time painting houses for his friend, Jimmy Hoffa, through the 1950-70s.",Robert De Niro,Al Pacino,Martin Scorsese,"The Irishman An old man recalls his time painting houses for his friend, Jimmy Hoffa, through the 1950-70s. Robert De Niro Al Pacino Martin Scorsese"
Un prophète,A young Arab man is sent to a French prison.,Tahar Rahim,Niels Arestrup,Jacques Audiard,Un prophète A young Arab man is sent to a French prison. Tahar Rahim Niels Arestrup Jacques Audiard
Moon,"Astronaut Sam Bell has a quintessentially personal encounter toward the end of his three-year stint on the Moon, where he, working alongside his computer, GERTY, sends back to Earth parcels of a resource that has helped diminish our planet's power problems.",Sam Rockwell,Kevin Spacey,Duncan Jones,"Moon Astronaut Sam Bell has a quintessentially personal encounter toward the end of his three-year stint on the Moon, where he, working alongside his computer, GERTY, sends back to Earth parcels of a resource that has helped diminish our planet's power problems. Sam Rockwell Kevin Spacey Duncan Jones"
Låt den rätte komma in,"Oskar, an overlooked and bullied boy, finds love and revenge through Eli, a beautiful but peculiar girl.",Kåre Hedebrant,Lina Leandersson,Tomas Alfredson,"Låt den rätte komma in Oskar, an overlooked and bullied boy, finds love and revenge through Eli, a beautiful but peculiar girl. Kåre Hedebrant Lina Leandersson Tomas Alfredson"
District 9,Violence ensues after an extraterrestrial race forced to live in slum-like conditions on Earth finds a kindred spirit in a government agent exposed to their biotechnology.,Sharlto Copley,David James,Neill Blomkamp,District 9 Violence ensues after an extraterrestrial race forced to live in slum-like conditions on Earth finds a kindred spirit in a government agent exposed to their biotechnology. Sharlto Copley David James Neill Blomkamp
The Wrestler,"A faded professional wrestler must retire, but finds his quest for a new life outside the ring a dispiriting struggle.",Mickey Rourke,Marisa Tomei,Darren Aronofsky,"The Wrestler A faded professional wrestler must retire, but finds his quest for a new life outside the ring a dispiriting struggle. Mickey Rourke Marisa Tomei Darren Aronofsky"
Jab We Met,A depressed wealthy businessman finds his life changing after he meets a spunky and care-free young woman.,Shahid Kapoor,Kareena Kapoor,Imtiaz Ali,Jab We Met A depressed wealthy businessman finds his life changing after he meets a spunky and care-free young woman. Shahid Kapoor Kareena Kapoor Imtiaz Ali
Boyhood,"The life of Mason, from early childhood to his arrival at college.",Ellar Coltrane,Patricia Arquette,Richard Linklater,"Boyhood The life of Mason, from early childhood to his arrival at college. Ellar Coltrane Patricia Arquette Richard Linklater"
"4 luni, 3 saptamâni si 2 zile",A woman assists her friend in arranging an illegal abortion in 1980s Romania.,Anamaria Marinca,Laura Vasiliu,Cristian Mungiu,"4 luni, 3 saptamâni si 2 zile A woman assists her friend in arranging an illegal abortion in 1980s Romania. Anamaria Marinca Laura Vasiliu Cristian Mungiu"
Star Trek,The brash James T. Kirk tries to live up to his father's legacy with Mr. Spock keeping him in check as a vengeful Romulan from the future creates black holes to destroy the Federation one planet at a time.,Chris Pine,Zachary Quinto,J.J. Abrams,Star Trek The brash James T. Kirk tries to live up to his father's legacy with Mr. Spock keeping him in check as a vengeful Romulan from the future creates black holes to destroy the Federation one planet at a time. Chris Pine Zachary Quinto J.J. Abrams
In Bruges,"Guilt-stricken after a job gone wrong, hitman Ray and his partner await orders from their ruthless boss in Bruges, Belgium, the last place in the world Ray wants to be.",Colin Farrell,Brendan Gleeson,Martin McDonagh,"In Bruges Guilt-stricken after a job gone wrong, hitman Ray and his partner await orders from their ruthless boss in Bruges, Belgium, the last place in the world Ray wants to be. Colin Farrell Brendan Gleeson Martin McDonagh"
The Man from Earth,An impromptu goodbye party for Professor John Oldman becomes a mysterious interrogation after the retiring scholar reveals to his colleagues he has a longer and stranger past than they can imagine.,David Lee Smith,Tony Todd,Richard Schenkman,The Man from Earth An impromptu goodbye party for Professor John Oldman becomes a mysterious interrogation after the retiring scholar reveals to his colleagues he has a longer and stranger past than they can imagine. David Lee Smith Tony Todd Richard Schenkman
Letters from Iwo Jima,"The story of the battle of Iwo Jima between the United States and Imperial Japan during World War II, as told from the perspective of the Japanese who fought it.",Ken Watanabe,Kazunari Ninomiya,Clint Eastwood,"Letters from Iwo Jima The story of the battle of Iwo Jima between the United States and Imperial Japan during World War II, as told from the perspective of the Japanese who fought it. Ken Watanabe Kazunari Ninomiya Clint Eastwood"
The Fall,"In a hospital on the outskirts of 1920s Los Angeles, an injured stuntman begins to tell a fellow patient, a little girl with a broken arm, a fantastic story of five mythical heroes. Thanks to his fractured state of mind and her vivid imagination, the line between fiction and reality blurs as the tale advances.",Lee Pace,Catinca Untaru,Tarsem Singh,"The Fall In a hospital on the outskirts of 1920s Los Angeles, an injured stuntman begins to tell a fellow patient, a little girl with a broken arm, a fantastic story of five mythical heroes. Thanks to his fractured state of mind and her vivid imagination, the line between fiction and reality blurs as the tale advances. Lee Pace Catinca Untaru Tarsem Singh"
Life of Pi,"A young man who survives a disaster at sea is hurtled into an epic journey of adventure and discovery. While cast away, he forms an unexpected connection with another survivor: a fearsome Bengal tiger.",Suraj Sharma,Irrfan Khan,Ang Lee,"Life of Pi A young man who survives a disaster at sea is hurtled into an epic journey of adventure and discovery. While cast away, he forms an unexpected connection with another survivor: a fearsome Bengal tiger. Suraj Sharma Irrfan Khan Ang Lee"
Fantastic Mr. Fox,An urbane fox cannot resist returning to his farm raiding ways and then must help his community survive the farmers' retaliation.,George Clooney,Meryl Streep,Wes Anderson,Fantastic Mr. Fox An urbane fox cannot resist returning to his farm raiding ways and then must help his community survive the farmers' retaliation. George Clooney Meryl Streep Wes Anderson
C.R.A.Z.Y.,"A young French-Canadian, growing up in the 1960s and 1970s, struggles to reconcile his emerging homosexuality with his father's conservative values and his own Catholic beliefs.",Michel Côté,Marc-André Grondin,Jean-Marc Vallée,"C.R.A.Z.Y. A young French-Canadian, growing up in the 1960s and 1970s, struggles to reconcile his emerging homosexuality with his father's conservative values and his own Catholic beliefs. Michel Côté Marc-André Grondin Jean-Marc Vallée"
Les choristes,The new teacher at a severely administered boys' boarding school works to positively affect the students' lives through music.,Gérard Jugnot,François Berléand,Christophe Barratier,Les choristes The new teacher at a severely administered boys' boarding school works to positively affect the students' lives through music. Gérard Jugnot François Berléand Christophe Barratier
Iron Man,"After being held captive in an Afghan cave, billionaire engineer Tony Stark creates a unique weaponized suit of armor to fight evil.",Robert Downey Jr.,Gwyneth Paltrow,Jon Favreau,"Iron Man After being held captive in an Afghan cave, billionaire engineer Tony Stark creates a unique weaponized suit of armor to fight evil. Robert Downey Jr. Gwyneth Paltrow Jon Favreau"
Shaun of the Dead,A man's uneventful life is disrupted by the zombie apocalypse.,Simon Pegg,Nick Frost,Edgar Wright,Shaun of the Dead A man's uneventful life is disrupted by the zombie apocalypse. Simon Pegg Nick Frost Edgar Wright
Gegen die Wand,"With the intention to break free from the strict familial restrictions, a suicidal young woman sets up a marriage of convenience with a forty-year-old addict, an act that will lead to an outburst of envious love.",Birol Ünel,Sibel Kekilli,Fatih Akin,"Gegen die Wand With the intention to break free from the strict familial restrictions, a suicidal young woman sets up a marriage of convenience with a forty-year-old addict, an act that will lead to an outburst of envious love. Birol Ünel Sibel Kekilli Fatih Akin"
Mystic River,The lives of three men who were childhood friends are shattered when one of them has a family tragedy.,Sean Penn,Tim Robbins,Clint Eastwood,Mystic River The lives of three men who were childhood friends are shattered when one of them has a family tragedy. Sean Penn Tim Robbins Clint Eastwood
Harry Potter and the Prisoner of Azkaban,"Harry Potter, Ron and Hermione return to Hogwarts School of Witchcraft and Wizardry for their third year of study, where they delve into the mystery surrounding an escaped prisoner who poses a dangerous threat to the young wizard.",Daniel Radcliffe,Emma Watson,Alfonso Cuarón,"Harry Potter and the Prisoner of Azkaban Harry Potter, Ron and Hermione return to Hogwarts School of Witchcraft and Wizardry for their third year of study, where they delve into the mystery surrounding an escaped prisoner who poses a dangerous threat to the young wizard. Daniel Radcliffe Emma Watson Alfonso Cuarón"
Ying xiong,"A defense officer, Nameless, was summoned by the King of Qin regarding his success of terminating three warriors.",Jet Li,Tony Chiu-Wai Leung,Yimou Zhang,"Ying xiong A defense officer, Nameless, was summoned by the King of Qin regarding his success of terminating three warriors. Jet Li Tony Chiu-Wai Leung Yimou Zhang"
Hable con ella,Two men share an odd friendship while they care for two women who are both in deep comas.,Rosario Flores,Javier Cámara,Pedro Almodóvar,Hable con ella Two men share an odd friendship while they care for two women who are both in deep comas. Rosario Flores Javier Cámara Pedro Almodóvar
No Man's Land,"Bosnia and Herzegovina during 1993 at the time of the heaviest fighting between the two warring sides. Two soldiers from opposing sides in the conflict, Nino and Ciki, become trapped in no man's land, whilst a third soldier becomes a living booby trap.",Branko Djuric,Rene Bitorajac,Danis Tanovic,"No Man's Land Bosnia and Herzegovina during 1993 at the time of the heaviest fighting between the two warring sides. Two soldiers from opposing sides in the conflict, Nino and Ciki, become trapped in no man's land, whilst a third soldier becomes a living booby trap. Branko Djuric Rene Bitorajac Danis Tanovic"
Cowboy Bebop: Tengoku no tobira,"A terrorist explosion releases a deadly virus on the masses, and it's up the bounty-hunting Bebop crew to catch the cold-blooded culprit.",Tensai Okamura,Hiroyuki Okiura,Shin'ichirô Watanabe,"Cowboy Bebop: Tengoku no tobira A terrorist explosion releases a deadly virus on the masses, and it's up the bounty-hunting Bebop crew to catch the cold-blooded culprit. Tensai Okamura Hiroyuki Okiura Shin'ichirô Watanabe"
The Bourne Identity,"A man is picked up by a fishing boat, bullet-riddled and suffering from amnesia, before racing to elude assassins and attempting to regain his memory.",Franka Potente,Matt Damon,Doug Liman,"The Bourne Identity A man is picked up by a fishing boat, bullet-riddled and suffering from amnesia, before racing to elude assassins and attempting to regain his memory. Franka Potente Matt Damon Doug Liman"
Nueve reinas,"Two con artists try to swindle a stamp collector by selling him a sheet of counterfeit rare stamps (the ""nine queens"").",Ricardo Darín,Gastón Pauls,Fabián Bielinsky,"Nueve reinas Two con artists try to swindle a stamp collector by selling him a sheet of counterfeit rare stamps (the ""nine queens""). Ricardo Darín Gastón Pauls Fabián Bielinsky"
Children of Men,"In 2027, in a chaotic world in which women have become somehow infertile, a former activist agrees to help transport a miraculously pregnant woman to a sanctuary at sea.",Julianne Moore,Clive Owen,Alfonso Cuarón,"Children of Men In 2027, in a chaotic world in which women have become somehow infertile, a former activist agrees to help transport a miraculously pregnant woman to a sanctuary at sea. Julianne Moore Clive Owen Alfonso Cuarón"
Almost Famous,A high-school boy is given the chance to write a story for Rolling Stone Magazine about an up-and-coming rock band as he accompanies them on their concert tour.,Billy Crudup,Patrick Fugit,Cameron Crowe,Almost Famous A high-school boy is given the chance to write a story for Rolling Stone Magazine about an up-and-coming rock band as he accompanies them on their concert tour. Billy Crudup Patrick Fugit Cameron Crowe
Mulholland Dr.,"After a car wreck on the winding Mulholland Drive renders a woman amnesiac, she and a perky Hollywood-hopeful search for clues and answers across Los Angeles in a twisting venture beyond dreams and reality.",Naomi Watts,Laura Harring,David Lynch,"Mulholland Dr. After a car wreck on the winding Mulholland Drive renders a woman amnesiac, she and a perky Hollywood-hopeful search for clues and answers across Los Angeles in a twisting venture beyond dreams and reality. Naomi Watts Laura Harring David Lynch"
Toy Story 2,"When Woody is stolen by a toy collector, Buzz and his friends set out on a rescue mission to save Woody before he becomes a museum toy property with his roundup gang Jessie, Prospector, and Bullseye.",Ash Brannon,Lee Unkrich,John Lasseter,"Toy Story 2 When Woody is stolen by a toy collector, Buzz and his friends set out on a rescue mission to save Woody before he becomes a museum toy property with his roundup gang Jessie, Prospector, and Bullseye. Ash Brannon Lee Unkrich John Lasseter"
Boogie Nights,"Back when sex was safe, pleasure was a business and business was booming, an idealistic porn producer aspires to elevate his craft to an art when he discovers a hot young talent.",Mark Wahlberg,Julianne Moore,Paul Thomas Anderson,"Boogie Nights Back when sex was safe, pleasure was a business and business was booming, an idealistic porn producer aspires to elevate his craft to an art when he discovers a hot young talent. Mark Wahlberg Julianne Moore Paul Thomas Anderson"
Mimi wo sumaseba,"A love story between a girl who loves reading books, and a boy who has previously checked out all of the library books she chooses.",Yoko Honna,Issey Takahashi,Yoshifumi Kondô,"Mimi wo sumaseba A love story between a girl who loves reading books, and a boy who has previously checked out all of the library books she chooses. Yoko Honna Issey Takahashi Yoshifumi Kondô"
Once Were Warriors,A family descended from Maori warriors is bedeviled by a violent father and the societal problems of being treated as outcasts.,Rena Owen,Temuera Morrison,Lee Tamahori,Once Were Warriors A family descended from Maori warriors is bedeviled by a violent father and the societal problems of being treated as outcasts. Rena Owen Temuera Morrison Lee Tamahori
True Romance,"In Detroit, a lonely pop culture geek marries a call girl, steals cocaine from her pimp, and tries to sell it in Hollywood. Meanwhile, the owners of the cocaine, the Mob, track them down in an attempt to reclaim it.",Christian Slater,Patricia Arquette,Tony Scott,"True Romance In Detroit, a lonely pop culture geek marries a call girl, steals cocaine from her pimp, and tries to sell it in Hollywood. Meanwhile, the owners of the cocaine, the Mob, track them down in an attempt to reclaim it. Christian Slater Patricia Arquette Tony Scott"
Trois couleurs: Bleu,A woman struggles to find a way to live her life after the death of her husband and child.,Juliette Binoche,Zbigniew Zamachowski,Krzysztof Kieslowski,Trois couleurs: Bleu A woman struggles to find a way to live her life after the death of her husband and child. Juliette Binoche Zbigniew Zamachowski Krzysztof Kieslowski
Jûbê ninpûchô,A vagabond swordsman is aided by a beautiful ninja girl and a crafty spy in confronting a demonic clan of killers - with a ghost from his past as their leader - who are bent on overthrowing the Tokugawa Shogunate.,Kôichi Yamadera,Emi Shinohara,Yoshiaki Kawajiri,Jûbê ninpûchô A vagabond swordsman is aided by a beautiful ninja girl and a crafty spy in confronting a demonic clan of killers - with a ghost from his past as their leader - who are bent on overthrowing the Tokugawa Shogunate. Kôichi Yamadera Emi Shinohara Yoshiaki Kawajiri
Carlito's Way,"A Puerto Rican former convict, just released from prison, pledges to stay away from drugs and violence despite the pressure around him and lead on to a better life outside of N.Y.C.",Al Pacino,Sean Penn,Brian De Palma,"Carlito's Way A Puerto Rican former convict, just released from prison, pledges to stay away from drugs and violence despite the pressure around him and lead on to a better life outside of N.Y.C. Al Pacino Sean Penn Brian De Palma"
Edward Scissorhands,"An artificial man, who was incompletely constructed and has scissors for hands, leads a solitary life. Then one day, a suburban lady meets him and introduces him to her world.",Johnny Depp,Winona Ryder,Tim Burton,"Edward Scissorhands An artificial man, who was incompletely constructed and has scissors for hands, leads a solitary life. Then one day, a suburban lady meets him and introduces him to her world. Johnny Depp Winona Ryder Tim Burton"
My Left Foot: The Story of Christy Brown,"Christy Brown, born with cerebral palsy, learns to paint and write with his only controllable limb - his left foot.",Daniel Day-Lewis,Brenda Fricker,Jim Sheridan,"My Left Foot: The Story of Christy Brown Christy Brown, born with cerebral palsy, learns to paint and write with his only controllable limb - his left foot. Daniel Day-Lewis Brenda Fricker Jim Sheridan"
Crimes and Misdemeanors,An ophthalmologist's mistress threatens to reveal their affair to his wife while a married documentary filmmaker is infatuated with another woman.,Martin Landau,Woody Allen,Woody Allen,Crimes and Misdemeanors An ophthalmologist's mistress threatens to reveal their affair to his wife while a married documentary filmmaker is infatuated with another woman. Martin Landau Woody Allen Woody Allen
The Untouchables,"During the era of Prohibition in the United States, Federal Agent Eliot Ness sets out to stop ruthless Chicago gangster Al Capone and, because of rampant corruption, assembles a small, hand-picked team to help him.",Kevin Costner,Sean Connery,Brian De Palma,"The Untouchables During the era of Prohibition in the United States, Federal Agent Eliot Ness sets out to stop ruthless Chicago gangster Al Capone and, because of rampant corruption, assembles a small, hand-picked team to help him. Kevin Costner Sean Connery Brian De Palma"
Hannah and Her Sisters,"Between two Thanksgivings two years apart, Hannah's husband falls in love with her sister Lee, while her hypochondriac ex-husband rekindles his relationship with her sister Holly.",Mia Farrow,Dianne Wiest,Woody Allen,"Hannah and Her Sisters Between two Thanksgivings two years apart, Hannah's husband falls in love with her sister Lee, while her hypochondriac ex-husband rekindles his relationship with her sister Holly. Mia Farrow Dianne Wiest Woody Allen"
Brazil,A bureaucrat in a dystopic society becomes an enemy of the state as he pursues the woman of his dreams.,Jonathan Pryce,Kim Greist,Terry Gilliam,Brazil A bureaucrat in a dystopic society becomes an enemy of the state as he pursues the woman of his dreams. Jonathan Pryce Kim Greist Terry Gilliam
This Is Spinal Tap,"Spinal Tap, one of England's loudest bands, is chronicled by film director Marty DiBergi on what proves to be a fateful tour.",Rob Reiner,Michael McKean,Rob Reiner,"This Is Spinal Tap Spinal Tap, one of England's loudest bands, is chronicled by film director Marty DiBergi on what proves to be a fateful tour. Rob Reiner Michael McKean Rob Reiner"
A Christmas Story,"In the 1940s, a young boy named Ralphie attempts to convince his parents, his teacher and Santa that a Red Ryder BB gun really is the perfect Christmas gift.",Peter Billingsley,Melinda Dillon,Bob Clark,"A Christmas Story In the 1940s, a young boy named Ralphie attempts to convince his parents, his teacher and Santa that a Red Ryder BB gun really is the perfect Christmas gift. Peter Billingsley Melinda Dillon Bob Clark"
The Blues Brothers,"Jake Blues, just released from prison, puts together his old band to save the Catholic home where he and his brother Elwood were raised.",John Belushi,Dan Aykroyd,John Landis,"The Blues Brothers Jake Blues, just released from prison, puts together his old band to save the Catholic home where he and his brother Elwood were raised. John Belushi Dan Aykroyd John Landis"
Manhattan,The life of a divorced television writer dating a teenage girl is further complicated when he falls in love with his best friend's mistress.,Woody Allen,Diane Keaton,Woody Allen,Manhattan The life of a divorced television writer dating a teenage girl is further complicated when he falls in love with his best friend's mistress. Woody Allen Diane Keaton Woody Allen
All That Jazz,"Director/choreographer Bob Fosse tells his own life story as he details the sordid career of Joe Gideon, a womanizing, drug-using dancer.",Roy Scheider,Jessica Lange,Bob Fosse,"All That Jazz Director/choreographer Bob Fosse tells his own life story as he details the sordid career of Joe Gideon, a womanizing, drug-using dancer. Roy Scheider Jessica Lange Bob Fosse"
Dawn of the Dead,"Following an ever-growing epidemic of zombies that have risen from the dead, two Philadelphia S.W.A.T. team members, a traffic reporter, and his television executive girlfriend seek refuge in a secluded shopping mall.",David Emge,Ken Foree,George A. Romero,"Dawn of the Dead Following an ever-growing epidemic of zombies that have risen from the dead, two Philadelphia S.W.A.T. team members, a traffic reporter, and his television executive girlfriend seek refuge in a secluded shopping mall. David Emge Ken Foree George A. Romero"
All the President's Men,"""The Washington Post"" reporters Bob Woodward and Carl Bernstein uncover the details of the Watergate scandal that leads to President Richard Nixon's resignation.",Dustin Hoffman,Robert Redford,Alan J. Pakula,"All the President's Men ""The Washington Post"" reporters Bob Woodward and Carl Bernstein uncover the details of the Watergate scandal that leads to President Richard Nixon's resignation. Dustin Hoffman Robert Redford Alan J. Pakula"
La montaña sagrada,"In a corrupt, greed-fueled world, a powerful alchemist leads a messianic character and seven materialistic figures to the Holy Mountain, where they hope to achieve enlightenment.",Alejandro Jodorowsky,Horacio Salinas,Alejandro Jodorowsky,"La montaña sagrada In a corrupt, greed-fueled world, a powerful alchemist leads a messianic character and seven materialistic figures to the Holy Mountain, where they hope to achieve enlightenment. Alejandro Jodorowsky Horacio Salinas Alejandro Jodorowsky"
Amarcord,A series of comedic and nostalgic vignettes set in a 1930s Italian coastal town.,Magali Noël,Bruno Zanin,Federico Fellini,Amarcord A series of comedic and nostalgic vignettes set in a 1930s Italian coastal town. Magali Noël Bruno Zanin Federico Fellini
Le charme discret de la bourgeoisie,"A surreal, virtually plotless series of dreams centered around six middle-class people and their consistently interrupted attempts to have a meal together.",Fernando Rey,Delphine Seyrig,Luis Buñuel,"Le charme discret de la bourgeoisie A surreal, virtually plotless series of dreams centered around six middle-class people and their consistently interrupted attempts to have a meal together. Fernando Rey Delphine Seyrig Luis Buñuel"
"Aguirre, der Zorn Gottes","In the 16th century, the ruthless and insane Don Lope de Aguirre leads a Spanish expedition in search of El Dorado.",Klaus Kinski,Ruy Guerra,Werner Herzog,"Aguirre, der Zorn Gottes In the 16th century, the ruthless and insane Don Lope de Aguirre leads a Spanish expedition in search of El Dorado. Klaus Kinski Ruy Guerra Werner Herzog"
Harold and Maude,"Young, rich, and obsessed with death, Harold finds himself changed forever when he meets lively septuagenarian Maude at a funeral.",Ruth Gordon,Bud Cort,Hal Ashby,"Harold and Maude Young, rich, and obsessed with death, Harold finds himself changed forever when he meets lively septuagenarian Maude at a funeral. Ruth Gordon Bud Cort Hal Ashby"
Patton,The World War II phase of the career of controversial American general George S. Patton.,George C. Scott,Karl Malden,Franklin J. Schaffner,Patton The World War II phase of the career of controversial American general George S. Patton. George C. Scott Karl Malden Franklin J. Schaffner
The Wild Bunch,"An aging group of outlaws look for one last big score as the ""traditional"" American West is disappearing around them.",William Holden,Ernest Borgnine,Sam Peckinpah,"The Wild Bunch An aging group of outlaws look for one last big score as the ""traditional"" American West is disappearing around them. William Holden Ernest Borgnine Sam Peckinpah"
Night of the Living Dead,A ragtag group of Pennsylvanians barricade themselves in an old farmhouse to remain safe from a horde of flesh-eating ghouls that are ravaging the East Coast of the United States.,Duane Jones,Judith O'Dea,George A. Romero,Night of the Living Dead A ragtag group of Pennsylvanians barricade themselves in an old farmhouse to remain safe from a horde of flesh-eating ghouls that are ravaging the East Coast of the United States. Duane Jones Judith O'Dea George A. Romero
The Lion in Winter,"1183 A.D.: King Henry II's three sons all want to inherit the throne, but he won't commit to a choice. They and his wife variously plot to force him.",Peter O'Toole,Katharine Hepburn,Anthony Harvey,"The Lion in Winter 1183 A.D.: King Henry II's three sons all want to inherit the throne, but he won't commit to a choice. They and his wife variously plot to force him. Peter O'Toole Katharine Hepburn Anthony Harvey"
In the Heat of the Night,A black police detective is asked to investigate a murder in a racially hostile southern town.,Sidney Poitier,Rod Steiger,Norman Jewison,In the Heat of the Night A black police detective is asked to investigate a murder in a racially hostile southern town. Sidney Poitier Rod Steiger Norman Jewison
Charade,Romance and suspense ensue in Paris as a woman is pursued by several men who want a fortune her murdered husband had stolen. Whom can she trust?,Cary Grant,Audrey Hepburn,Stanley Donen,Charade Romance and suspense ensue in Paris as a woman is pursued by several men who want a fortune her murdered husband had stolen. Whom can she trust? Cary Grant Audrey Hepburn Stanley Donen
The Manchurian Candidate,A former prisoner of war is brainwashed as an unwitting assassin for an international Communist conspiracy.,Frank Sinatra,Laurence Harvey,John Frankenheimer,The Manchurian Candidate A former prisoner of war is brainwashed as an unwitting assassin for an international Communist conspiracy. Frank Sinatra Laurence Harvey John Frankenheimer
Spartacus,The slave Spartacus leads a violent revolt against the decadent Roman Republic.,Kirk Douglas,Laurence Olivier,Stanley Kubrick,Spartacus The slave Spartacus leads a violent revolt against the decadent Roman Republic. Kirk Douglas Laurence Olivier Stanley Kubrick
L'avventura,"A woman disappears during a Mediterranean boating trip. During the search, her lover and her best friend become attracted to each other.",Gabriele Ferzetti,Monica Vitti,Michelangelo Antonioni,"L'avventura A woman disappears during a Mediterranean boating trip. During the search, her lover and her best friend become attracted to each other. Gabriele Ferzetti Monica Vitti Michelangelo Antonioni"
Hiroshima mon amour,A French actress filming an anti-war film in Hiroshima has an affair with a married Japanese architect as they share their differing perspectives on war.,Emmanuelle Riva,Eiji Okada,Alain Resnais,Hiroshima mon amour A French actress filming an anti-war film in Hiroshima has an affair with a married Japanese architect as they share their differing perspectives on war. Emmanuelle Riva Eiji Okada Alain Resnais
The Ten Commandments,"Moses, an Egyptian Prince, learns of his true heritage as a Hebrew and his divine mission as the deliverer of his people.",Charlton Heston,Yul Brynner,Cecil B. DeMille,"The Ten Commandments Moses, an Egyptian Prince, learns of his true heritage as a Hebrew and his divine mission as the deliverer of his people. Charlton Heston Yul Brynner Cecil B. DeMille"
The Searchers,An American Civil War veteran embarks on a journey to rescue his niece from the Comanches.,John Wayne,Jeffrey Hunter,John Ford,The Searchers An American Civil War veteran embarks on a journey to rescue his niece from the Comanches. John Wayne Jeffrey Hunter John Ford
East of Eden,"Two brothers struggle to maintain their strict, Bible-toting father's favor.",James Dean,Raymond Massey,Elia Kazan,"East of Eden Two brothers struggle to maintain their strict, Bible-toting father's favor. James Dean Raymond Massey Elia Kazan"
High Noon,"A town Marshal, despite the disagreements of his newlywed bride and the townspeople around him, must face a gang of deadly killers alone at high noon when the gang leader, an outlaw he sent up years ago, arrives on the noon train.",Gary Cooper,Grace Kelly,Fred Zinnemann,"High Noon A town Marshal, despite the disagreements of his newlywed bride and the townspeople around him, must face a gang of deadly killers alone at high noon when the gang leader, an outlaw he sent up years ago, arrives on the noon train. Gary Cooper Grace Kelly Fred Zinnemann"
Strangers on a Train,A psychopath forces a tennis star to comply with his theory that two strangers can get away with murder.,Farley Granger,Robert Walker,Alfred Hitchcock,Strangers on a Train A psychopath forces a tennis star to comply with his theory that two strangers can get away with murder. Farley Granger Robert Walker Alfred Hitchcock
Harvey,"Due to his insistence that he has an invisible six foot-tall rabbit for a best friend, a whimsical middle-aged man is thought by his family to be insane - but he may be wiser than anyone knows.",James Stewart,Wallace Ford,Henry Koster,"Harvey Due to his insistence that he has an invisible six foot-tall rabbit for a best friend, a whimsical middle-aged man is thought by his family to be insane - but he may be wiser than anyone knows. James Stewart Wallace Ford Henry Koster"
Miracle on 34th Street,"When a nice old man who claims to be Santa Claus is institutionalized as insane, a young lawyer decides to defend him by arguing in court that he is the real thing.",Edmund Gwenn,Maureen O'Hara,George Seaton,"Miracle on 34th Street When a nice old man who claims to be Santa Claus is institutionalized as insane, a young lawyer decides to defend him by arguing in court that he is the real thing. Edmund Gwenn Maureen O'Hara George Seaton"
Notorious,A woman is asked to spy on a group of Nazi friends in South America. How far will she have to go to ingratiate herself with them?,Cary Grant,Ingrid Bergman,Alfred Hitchcock,Notorious A woman is asked to spy on a group of Nazi friends in South America. How far will she have to go to ingratiate herself with them? Cary Grant Ingrid Bergman Alfred Hitchcock
The Big Sleep,"Private detective Philip Marlowe is hired by a wealthy family. Before the complex case is over, he's seen murder, blackmail, and what might be love.",Humphrey Bogart,Lauren Bacall,Howard Hawks,"The Big Sleep Private detective Philip Marlowe is hired by a wealthy family. Before the complex case is over, he's seen murder, blackmail, and what might be love. Humphrey Bogart Lauren Bacall Howard Hawks"
The Lost Weekend,The desperate life of a chronic alcoholic is followed through a four-day drinking bout.,Ray Milland,Jane Wyman,Billy Wilder,The Lost Weekend The desperate life of a chronic alcoholic is followed through a four-day drinking bout. Ray Milland Jane Wyman Billy Wilder
The Philadelphia Story,"When a rich woman's ex-husband and a tabloid-type reporter turn up just before her planned remarriage, she begins to learn the truth about herself.",Cary Grant,Katharine Hepburn,George Cukor,"The Philadelphia Story When a rich woman's ex-husband and a tabloid-type reporter turn up just before her planned remarriage, she begins to learn the truth about herself. Cary Grant Katharine Hepburn George Cukor"
His Girl Friday,A newspaper editor uses every trick in the book to keep his ace reporter ex-wife from remarrying.,Cary Grant,Rosalind Russell,Howard Hawks,His Girl Friday A newspaper editor uses every trick in the book to keep his ace reporter ex-wife from remarrying. Cary Grant Rosalind Russell Howard Hawks
The Adventures of Robin Hood,"When Prince John and the Norman Lords begin oppressing the Saxon masses in King Richard's absence, a Saxon lord fights back as the outlaw leader of a rebel guerrilla army.",William Keighley,Errol Flynn,Michael Curtiz,"The Adventures of Robin Hood When Prince John and the Norman Lords begin oppressing the Saxon masses in King Richard's absence, a Saxon lord fights back as the outlaw leader of a rebel guerrilla army. William Keighley Errol Flynn Michael Curtiz"
A Night at the Opera,A sly business manager and two wacky friends of two opera singers help them achieve success while humiliating their stuffy and snobbish enemies.,Edmund Goulding,Groucho Marx,Sam Wood,A Night at the Opera A sly business manager and two wacky friends of two opera singers help them achieve success while humiliating their stuffy and snobbish enemies. Edmund Goulding Groucho Marx Sam Wood
King Kong,A film crew goes to a tropical island for an exotic location shoot and discovers a colossal ape who takes a shine to their female blonde star. He is then captured and brought back to New York City for public exhibition.,Ernest B. Schoedsack,Fay Wray,Merian C. Cooper,King Kong A film crew goes to a tropical island for an exotic location shoot and discovers a colossal ape who takes a shine to their female blonde star. He is then captured and brought back to New York City for public exhibition. Ernest B. Schoedsack Fay Wray Merian C. Cooper
Freaks,"A circus' beautiful trapeze artist agrees to marry the leader of side-show performers, but his deformed friends discover she is only marrying him for his inheritance.",Wallace Ford,Leila Hyams,Tod Browning,"Freaks A circus' beautiful trapeze artist agrees to marry the leader of side-show performers, but his deformed friends discover she is only marrying him for his inheritance. Wallace Ford Leila Hyams Tod Browning"
Nosferatu,Vampire Count Orlok expresses interest in a new residence and real estate agent Hutter's wife.,Max Schreck,Alexander Granach,F.W. Murnau,Nosferatu Vampire Count Orlok expresses interest in a new residence and real estate agent Hutter's wife. Max Schreck Alexander Granach F.W. Murnau
The Gentlemen,"An American expat tries to sell off his highly profitable marijuana empire in London, triggering plots, schemes, bribery and blackmail in an attempt to steal his domain out from under him.",Matthew McConaughey,Charlie Hunnam,Guy Ritchie,"The Gentlemen An American expat tries to sell off his highly profitable marijuana empire in London, triggering plots, schemes, bribery and blackmail in an attempt to steal his domain out from under him. Matthew McConaughey Charlie Hunnam Guy Ritchie"
Raazi,A Kashmiri woman agrees to marry a Pakistani army officer in order to spy on Pakistan during the Indo-Pakistan War of 1971.,Alia Bhatt,Vicky Kaushal,Meghna Gulzar,Raazi A Kashmiri woman agrees to marry a Pakistani army officer in order to spy on Pakistan during the Indo-Pakistan War of 1971. Alia Bhatt Vicky Kaushal Meghna Gulzar
Sound of Metal,A heavy-metal drummer's life is thrown into freefall when he begins to lose his hearing.,Riz Ahmed,Olivia Cooke,Darius Marder,Sound of Metal A heavy-metal drummer's life is thrown into freefall when he begins to lose his hearing. Riz Ahmed Olivia Cooke Darius Marder
Forushande,"While both participating in a production of ""Death of a Salesman,"" a teacher's wife is assaulted in her new home, which leaves him determined to find the perpetrator over his wife's traumatized objections.",Shahab Hosseini,Taraneh Alidoosti,Asghar Farhadi,"Forushande While both participating in a production of ""Death of a Salesman,"" a teacher's wife is assaulted in her new home, which leaves him determined to find the perpetrator over his wife's traumatized objections. Shahab Hosseini Taraneh Alidoosti Asghar Farhadi"
Dunkirk,"Allied soldiers from Belgium, the British Empire, and France are surrounded by the German Army and evacuated during a fierce battle in World War II.",Fionn Whitehead,Barry Keoghan,Christopher Nolan,"Dunkirk Allied soldiers from Belgium, the British Empire, and France are surrounded by the German Army and evacuated during a fierce battle in World War II. Fionn Whitehead Barry Keoghan Christopher Nolan"
Perfetti sconosciuti,"Seven long-time friends get together for a dinner. When they decide to share with each other the content of every text message, email and phone call they receive, many secrets start to unveil and the equilibrium trembles.",Giuseppe Battiston,Anna Foglietta,Paolo Genovese,"Perfetti sconosciuti Seven long-time friends get together for a dinner. When they decide to share with each other the content of every text message, email and phone call they receive, many secrets start to unveil and the equilibrium trembles. Giuseppe Battiston Anna Foglietta Paolo Genovese"
Hidden Figures,The story of a team of female African-American mathematicians who served a vital role in NASA during the early years of the U.S. space program.,Taraji P. Henson,Octavia Spencer,Theodore Melfi,Hidden Figures The story of a team of female African-American mathematicians who served a vital role in NASA during the early years of the U.S. space program. Taraji P. Henson Octavia Spencer Theodore Melfi
Paddington 2,"Paddington (Ben Whishaw), now happily settled with the Brown family and a popular member of the local community, picks up a series of odd jobs to buy the perfect present for his Aunt Lucy's (Imelda Staunton's) 100th birthday, only for the gift to be stolen.",Ben Whishaw,Hugh Grant,Paul King,"Paddington 2 Paddington (Ben Whishaw), now happily settled with the Brown family and a popular member of the local community, picks up a series of odd jobs to buy the perfect present for his Aunt Lucy's (Imelda Staunton's) 100th birthday, only for the gift to be stolen. Ben Whishaw Hugh Grant Paul King"
Udta Punjab,A story that revolves around drug abuse in the affluent north Indian State of Punjab and how the youth there have succumbed to it en-masse resulting in a socio-economic decline.,Shahid Kapoor,Alia Bhatt,Abhishek Chaubey,Udta Punjab A story that revolves around drug abuse in the affluent north Indian State of Punjab and how the youth there have succumbed to it en-masse resulting in a socio-economic decline. Shahid Kapoor Alia Bhatt Abhishek Chaubey
Kubo and the Two Strings,A young boy named Kubo must locate a magical suit of armour worn by his late father in order to defeat a vengeful spirit from the past.,Charlize Theron,Art Parkinson,Travis Knight,Kubo and the Two Strings A young boy named Kubo must locate a magical suit of armour worn by his late father in order to defeat a vengeful spirit from the past. Charlize Theron Art Parkinson Travis Knight
M.S. Dhoni: The Untold Story,The untold story of Mahendra Singh Dhoni's journey from ticket collector to trophy collector - the world-cup-winning captain of the Indian Cricket Team.,Sushant Singh Rajput,Kiara Advani,Neeraj Pandey,M.S. Dhoni: The Untold Story The untold story of Mahendra Singh Dhoni's journey from ticket collector to trophy collector - the world-cup-winning captain of the Indian Cricket Team. Sushant Singh Rajput Kiara Advani Neeraj Pandey
Manchester by the Sea,A depressed uncle is asked to take care of his teenage nephew after the boy's father dies.,Casey Affleck,Michelle Williams,Kenneth Lonergan,Manchester by the Sea A depressed uncle is asked to take care of his teenage nephew after the boy's father dies. Casey Affleck Michelle Williams Kenneth Lonergan
Under sandet,"In post-World War II Denmark, a group of young German POWs are forced to clear a beach of thousands of land mines under the watch of a Danish Sergeant who slowly learns to appreciate their plight.",Roland Møller,Louis Hofmann,Martin Zandvliet,"Under sandet In post-World War II Denmark, a group of young German POWs are forced to clear a beach of thousands of land mines under the watch of a Danish Sergeant who slowly learns to appreciate their plight. Roland Møller Louis Hofmann Martin Zandvliet"
Rogue One,The daughter of an Imperial scientist joins the Rebel Alliance in a risky move to steal the plans for the Death Star.,Felicity Jones,Diego Luna,Gareth Edwards,Rogue One The daughter of an Imperial scientist joins the Rebel Alliance in a risky move to steal the plans for the Death Star. Felicity Jones Diego Luna Gareth Edwards
Captain America: Civil War,Political involvement in the Avengers' affairs causes a rift between Captain America and Iron Man.,Joe Russo,Chris Evans,Anthony Russo,Captain America: Civil War Political involvement in the Avengers' affairs causes a rift between Captain America and Iron Man. Joe Russo Chris Evans Anthony Russo
The Hateful Eight,"In the dead of a Wyoming winter, a bounty hunter and his prisoner find shelter in a cabin currently inhabited by a collection of nefarious characters.",Samuel L. Jackson,Kurt Russell,Quentin Tarantino,"The Hateful Eight In the dead of a Wyoming winter, a bounty hunter and his prisoner find shelter in a cabin currently inhabited by a collection of nefarious characters. Samuel L. Jackson Kurt Russell Quentin Tarantino"
Little Women,"Jo March reflects back and forth on her life, telling the beloved story of the March sisters - four young women, each determined to live life on her own terms.",Saoirse Ronan,Emma Watson,Greta Gerwig,"Little Women Jo March reflects back and forth on her life, telling the beloved story of the March sisters - four young women, each determined to live life on her own terms. Saoirse Ronan Emma Watson Greta Gerwig"
Loving Vincent,"In a story depicted in oil painted animation, a young man comes to the last hometown of painter Vincent van Gogh (Robert Gulaczyk) to deliver the troubled artist's final letter and ends up investigating his final days there.",Hugh Welchman,Douglas Booth,Dorota Kobiela,"Loving Vincent In a story depicted in oil painted animation, a young man comes to the last hometown of painter Vincent van Gogh (Robert Gulaczyk) to deliver the troubled artist's final letter and ends up investigating his final days there. Hugh Welchman Douglas Booth Dorota Kobiela"
Pride,U.K. gay activists work to help miners during their lengthy strike of the National Union of Mineworkers in the summer of 1984.,Bill Nighy,Imelda Staunton,Matthew Warchus,Pride U.K. gay activists work to help miners during their lengthy strike of the National Union of Mineworkers in the summer of 1984. Bill Nighy Imelda Staunton Matthew Warchus
Le passé,"An Iranian man deserts his French wife and her two children to return to his homeland. Meanwhile, his wife starts up a new relationship, a reality her husband confronts upon his wife's request for a divorce.",Bérénice Bejo,Tahar Rahim,Asghar Farhadi,"Le passé An Iranian man deserts his French wife and her two children to return to his homeland. Meanwhile, his wife starts up a new relationship, a reality her husband confronts upon his wife's request for a divorce. Bérénice Bejo Tahar Rahim Asghar Farhadi"
La grande bellezza,"Jep Gambardella has seduced his way through the lavish nightlife of Rome for decades, but after his 65th birthday and a shock from the past, Jep looks past the nightclubs and parties to find a timeless landscape of absurd, exquisite beauty.",Toni Servillo,Carlo Verdone,Paolo Sorrentino,"La grande bellezza Jep Gambardella has seduced his way through the lavish nightlife of Rome for decades, but after his 65th birthday and a shock from the past, Jep looks past the nightclubs and parties to find a timeless landscape of absurd, exquisite beauty. Toni Servillo Carlo Verdone Paolo Sorrentino"
The Lunchbox,A mistaken delivery in Mumbai's famously efficient lunchbox delivery system connects a young housewife to an older man in the dusk of his life as they build a fantasy world together through notes in the lunchbox.,Irrfan Khan,Nimrat Kaur,Ritesh Batra,The Lunchbox A mistaken delivery in Mumbai's famously efficient lunchbox delivery system connects a young housewife to an older man in the dusk of his life as they build a fantasy world together through notes in the lunchbox. Irrfan Khan Nimrat Kaur Ritesh Batra
Vicky Donor,"A man is brought in by an infertility doctor to supply him with his sperm, where he becomes the biggest sperm donor for his clinic.",Ayushmann Khurrana,Yami Gautam,Shoojit Sircar,"Vicky Donor A man is brought in by an infertility doctor to supply him with his sperm, where he becomes the biggest sperm donor for his clinic. Ayushmann Khurrana Yami Gautam Shoojit Sircar"
Big Hero 6,"A special bond develops between plus-sized inflatable robot Baymax and prodigy Hiro Hamada, who together team up with a group of friends to form a band of high-tech heroes.",Chris Williams,Ryan Potter,Don Hall,"Big Hero 6 A special bond develops between plus-sized inflatable robot Baymax and prodigy Hiro Hamada, who together team up with a group of friends to form a band of high-tech heroes. Chris Williams Ryan Potter Don Hall"
About Time,"At the age of 21, Tim discovers he can travel in time and change what happens and has happened in his own life. His decision to make his world a better place by getting a girlfriend turns out not to be as easy as you might think.",Domhnall Gleeson,Rachel McAdams,Richard Curtis,"About Time At the age of 21, Tim discovers he can travel in time and change what happens and has happened in his own life. His decision to make his world a better place by getting a girlfriend turns out not to be as easy as you might think. Domhnall Gleeson Rachel McAdams Richard Curtis"
English Vinglish,"A quiet, sweet tempered housewife endures small slights from her well-educated husband and daughter every day because of her inability to speak and understand English.",Sridevi,Adil Hussain,Gauri Shinde,"English Vinglish A quiet, sweet tempered housewife endures small slights from her well-educated husband and daughter every day because of her inability to speak and understand English. Sridevi Adil Hussain Gauri Shinde"
Kaze tachinu,"A look at the life of Jiro Horikoshi, the man who designed Japanese fighter planes during World War II.",Hideaki Anno,Hidetoshi Nishijima,Hayao Miyazaki,"Kaze tachinu A look at the life of Jiro Horikoshi, the man who designed Japanese fighter planes during World War II. Hideaki Anno Hidetoshi Nishijima Hayao Miyazaki"
Toy Story 4,"When a new toy called ""Forky"" joins Woody and the gang, a road trip alongside old and new friends reveals how big the world can be for a toy.",Tom Hanks,Tim Allen,Josh Cooley,"Toy Story 4 When a new toy called ""Forky"" joins Woody and the gang, a road trip alongside old and new friends reveals how big the world can be for a toy. Tom Hanks Tim Allen Josh Cooley"
La migliore offerta,A lonely art expert working for a mysterious and reclusive heiress finds not only her art worth examining.,Geoffrey Rush,Jim Sturgess,Giuseppe Tornatore,La migliore offerta A lonely art expert working for a mysterious and reclusive heiress finds not only her art worth examining. Geoffrey Rush Jim Sturgess Giuseppe Tornatore
Moonrise Kingdom,"A pair of young lovers flee their New England town, which causes a local search party to fan out to find them.",Jared Gilman,Kara Hayward,Wes Anderson,"Moonrise Kingdom A pair of young lovers flee their New England town, which causes a local search party to fan out to find them. Jared Gilman Kara Hayward Wes Anderson"
How to Train Your Dragon 2,"When Hiccup and Toothless discover an ice cave that is home to hundreds of new wild dragons and the mysterious Dragon Rider, the two friends find themselves at the center of a battle to protect the peace.",Jay Baruchel,Cate Blanchett,Dean DeBlois,"How to Train Your Dragon 2 When Hiccup and Toothless discover an ice cave that is home to hundreds of new wild dragons and the mysterious Dragon Rider, the two friends find themselves at the center of a battle to protect the peace. Jay Baruchel Cate Blanchett Dean DeBlois"
The Big Short,In 2006-2007 a group of investors bet against the US mortgage market. In their research they discover how flawed and corrupt the market is.,Christian Bale,Steve Carell,Adam McKay,The Big Short In 2006-2007 a group of investors bet against the US mortgage market. In their research they discover how flawed and corrupt the market is. Christian Bale Steve Carell Adam McKay
Kokuhaku,A psychological thriller of a grieving mother turned cold-blooded avenger with a twisty master plan to pay back those who were responsible for her daughter's death.,Takako Matsu,Yoshino Kimura,Tetsuya Nakashima,Kokuhaku A psychological thriller of a grieving mother turned cold-blooded avenger with a twisty master plan to pay back those who were responsible for her daughter's death. Takako Matsu Yoshino Kimura Tetsuya Nakashima
Ang-ma-reul bo-at-da,A secret agent exacts revenge on a serial killer through a series of captures and releases.,Lee Byung-Hun,Choi Min-sik,Jee-woon Kim,Ang-ma-reul bo-at-da A secret agent exacts revenge on a serial killer through a series of captures and releases. Lee Byung-Hun Choi Min-sik Jee-woon Kim
The Girl with the Dragon Tattoo,"Journalist Mikael Blomkvist is aided in his search for a woman who has been missing for forty years by Lisbeth Salander, a young computer hacker.",Daniel Craig,Rooney Mara,David Fincher,"The Girl with the Dragon Tattoo Journalist Mikael Blomkvist is aided in his search for a woman who has been missing for forty years by Lisbeth Salander, a young computer hacker. Daniel Craig Rooney Mara David Fincher"
Captain Phillips,"The true story of Captain Richard Phillips and the 2009 hijacking by Somali pirates of the U.S.-flagged MV Maersk Alabama, the first American cargo ship to be hijacked in two hundred years.",Tom Hanks,Barkhad Abdi,Paul Greengrass,"Captain Phillips The true story of Captain Richard Phillips and the 2009 hijacking by Somali pirates of the U.S.-flagged MV Maersk Alabama, the first American cargo ship to be hijacked in two hundred years. Tom Hanks Barkhad Abdi Paul Greengrass"
Ajeossi,A quiet pawnshop keeper with a violent past takes on a drug-and-organ trafficking ring in hope of saving the child who is his only friend.,Won Bin,Sae-ron Kim,Jeong-beom Lee,Ajeossi A quiet pawnshop keeper with a violent past takes on a drug-and-organ trafficking ring in hope of saving the child who is his only friend. Won Bin Sae-ron Kim Jeong-beom Lee
Straight Outta Compton,"The rap group NWA emerges from the mean streets of Compton in Los Angeles, California, in the mid-1980s and revolutionizes Hip Hop culture with their music and tales about life in the hood.",O'Shea Jackson Jr.,Corey Hawkins,F. Gary Gray,"Straight Outta Compton The rap group NWA emerges from the mean streets of Compton in Los Angeles, California, in the mid-1980s and revolutionizes Hip Hop culture with their music and tales about life in the hood. O'Shea Jackson Jr. Corey Hawkins F. Gary Gray"
Madeo,A mother desperately searches for the killer who framed her son for a girl's horrific murder.,Hye-ja Kim,Won Bin,Bong Joon Ho,Madeo A mother desperately searches for the killer who framed her son for a girl's horrific murder. Hye-ja Kim Won Bin Bong Joon Ho
Chugyeokja,A disgraced ex-policeman who runs a small ring of prostitutes finds himself in a race against time when one of his women goes missing.,Kim Yoon-seok,Jung-woo Ha,Hong-jin Na,Chugyeokja A disgraced ex-policeman who runs a small ring of prostitutes finds himself in a race against time when one of his women goes missing. Kim Yoon-seok Jung-woo Ha Hong-jin Na
The Hobbit: The Desolation of Smaug,"The dwarves, along with Bilbo Baggins and Gandalf the Grey, continue their quest to reclaim Erebor, their homeland, from Smaug. Bilbo Baggins is in possession of a mysterious and magical ring.",Ian McKellen,Martin Freeman,Peter Jackson,"The Hobbit: The Desolation of Smaug The dwarves, along with Bilbo Baggins and Gandalf the Grey, continue their quest to reclaim Erebor, their homeland, from Smaug. Bilbo Baggins is in possession of a mysterious and magical ring. Ian McKellen Martin Freeman Peter Jackson"
Das weiße Band - Eine deutsche Kindergeschichte,"Strange events happen in a small village in the north of Germany during the years before World War I, which seem to be ritual punishment. Who is responsible?",Christian Friedel,Ernst Jacobi,Michael Haneke,"Das weiße Band - Eine deutsche Kindergeschichte Strange events happen in a small village in the north of Germany during the years before World War I, which seem to be ritual punishment. Who is responsible? Christian Friedel Ernst Jacobi Michael Haneke"
Män som hatar kvinnor,A journalist is aided by a young female hacker in his search for the killer of a woman who has been dead for forty years.,Michael Nyqvist,Noomi Rapace,Niels Arden Oplev,Män som hatar kvinnor A journalist is aided by a young female hacker in his search for the killer of a woman who has been dead for forty years. Michael Nyqvist Noomi Rapace Niels Arden Oplev
The Trial of the Chicago 7,"The story of 7 people on trial stemming from various charges surrounding the uprising at the 1968 Democratic National Convention in Chicago, Illinois.",Eddie Redmayne,Alex Sharp,Aaron Sorkin,"The Trial of the Chicago 7 The story of 7 people on trial stemming from various charges surrounding the uprising at the 1968 Democratic National Convention in Chicago, Illinois. Eddie Redmayne Alex Sharp Aaron Sorkin"
Druk,"Four friends, all high school teachers, test a theory that they will improve their lives by maintaining a constant level of alcohol in their blood.",Mads Mikkelsen,Thomas Bo Larsen,Thomas Vinterberg,"Druk Four friends, all high school teachers, test a theory that they will improve their lives by maintaining a constant level of alcohol in their blood. Mads Mikkelsen Thomas Bo Larsen Thomas Vinterberg"
The Fighter,"Based on the story of Micky Ward, a fledgling boxer who tries to escape the shadow of his more famous but troubled older boxing brother and get his own shot at greatness.",Mark Wahlberg,Christian Bale,David O. Russell,"The Fighter Based on the story of Micky Ward, a fledgling boxer who tries to escape the shadow of his more famous but troubled older boxing brother and get his own shot at greatness. Mark Wahlberg Christian Bale David O. Russell"
Taken,"A retired CIA agent travels across Europe and relies on his old skills to save his estranged daughter, who has been kidnapped while on a trip to Paris.",Liam Neeson,Maggie Grace,Pierre Morel,"Taken A retired CIA agent travels across Europe and relies on his old skills to save his estranged daughter, who has been kidnapped while on a trip to Paris. Liam Neeson Maggie Grace Pierre Morel"
The Boy in the Striped Pyjamas,"Through the innocent eyes of Bruno, the eight-year-old son of the commandant at a German concentration camp, a forbidden friendship with a Jewish boy on the other side of the camp fence has startling and unexpected consequences.",Asa Butterfield,David Thewlis,Mark Herman,"The Boy in the Striped Pyjamas Through the innocent eyes of Bruno, the eight-year-old son of the commandant at a German concentration camp, a forbidden friendship with a Jewish boy on the other side of the camp fence has startling and unexpected consequences. Asa Butterfield David Thewlis Mark Herman"
Once,"A modern-day musical about a busker and an immigrant and their eventful week in Dublin, as they write, rehearse and record songs that tell their love story.",Glen Hansard,Markéta Irglová,John Carney,"Once A modern-day musical about a busker and an immigrant and their eventful week in Dublin, as they write, rehearse and record songs that tell their love story. Glen Hansard Markéta Irglová John Carney"
The Hobbit: An Unexpected Journey,"A reluctant Hobbit, Bilbo Baggins, sets out to the Lonely Mountain with a spirited group of dwarves to reclaim their mountain home, and the gold within it from the dragon Smaug.",Martin Freeman,Ian McKellen,Peter Jackson,"The Hobbit: An Unexpected Journey A reluctant Hobbit, Bilbo Baggins, sets out to the Lonely Mountain with a spirited group of dwarves to reclaim their mountain home, and the gold within it from the dragon Smaug. Martin Freeman Ian McKellen Peter Jackson"
Auf der anderen Seite,A Turkish man travels to Istanbul to find the daughter of his father's former girlfriend.,Baki Davrak,Nurgül Yesilçay,Fatih Akin,Auf der anderen Seite A Turkish man travels to Istanbul to find the daughter of his father's former girlfriend. Baki Davrak Nurgül Yesilçay Fatih Akin
Atonement,Thirteen-year-old fledgling writer Briony Tallis irrevocably changes the course of several lives when she accuses her older sister's lover of a crime he did not commit.,Keira Knightley,James McAvoy,Joe Wright,Atonement Thirteen-year-old fledgling writer Briony Tallis irrevocably changes the course of several lives when she accuses her older sister's lover of a crime he did not commit. Keira Knightley James McAvoy Joe Wright
Drive,A mysterious Hollywood stuntman and mechanic moonlights as a getaway driver and finds himself in trouble when he helps out his neighbor.,Ryan Gosling,Carey Mulligan,Nicolas Winding Refn,Drive A mysterious Hollywood stuntman and mechanic moonlights as a getaway driver and finds himself in trouble when he helps out his neighbor. Ryan Gosling Carey Mulligan Nicolas Winding Refn
American Gangster,"An outcast New York City cop is charged with bringing down Harlem drug lord Frank Lucas, whose real life inspired this partly biographical film.",Denzel Washington,Russell Crowe,Ridley Scott,"American Gangster An outcast New York City cop is charged with bringing down Harlem drug lord Frank Lucas, whose real life inspired this partly biographical film. Denzel Washington Russell Crowe Ridley Scott"
Avatar,A paraplegic Marine dispatched to the moon Pandora on a unique mission becomes torn between following his orders and protecting the world he feels is his home.,Sam Worthington,Zoe Saldana,James Cameron,Avatar A paraplegic Marine dispatched to the moon Pandora on a unique mission becomes torn between following his orders and protecting the world he feels is his home. Sam Worthington Zoe Saldana James Cameron
Mr. Nobody,"A boy stands on a station platform as a train is about to leave. Should he go with his mother or stay with his father? Infinite possibilities arise from this decision. As long as he doesn't choose, anything is possible.",Jared Leto,Sarah Polley,Jaco Van Dormael,"Mr. Nobody A boy stands on a station platform as a train is about to leave. Should he go with his mother or stay with his father? Infinite possibilities arise from this decision. As long as he doesn't choose, anything is possible. Jared Leto Sarah Polley Jaco Van Dormael"
Apocalypto,"As the Mayan kingdom faces its decline, a young man is taken on a perilous journey to a world ruled by fear and oppression.",Gerardo Taracena,Raoul Max Trujillo,Mel Gibson,"Apocalypto As the Mayan kingdom faces its decline, a young man is taken on a perilous journey to a world ruled by fear and oppression. Gerardo Taracena Raoul Max Trujillo Mel Gibson"
Little Miss Sunshine,A family determined to get their young daughter into the finals of a beauty pageant take a cross-country trip in their VW bus.,Valerie Faris,Steve Carell,Jonathan Dayton,Little Miss Sunshine A family determined to get their young daughter into the finals of a beauty pageant take a cross-country trip in their VW bus. Valerie Faris Steve Carell Jonathan Dayton
Hot Fuzz,A skilled London police officer is transferred to a small town with a dark secret.,Simon Pegg,Nick Frost,Edgar Wright,Hot Fuzz A skilled London police officer is transferred to a small town with a dark secret. Simon Pegg Nick Frost Edgar Wright
The Curious Case of Benjamin Button,"Tells the story of Benjamin Button, a man who starts aging backwards with consequences.",Brad Pitt,Cate Blanchett,David Fincher,"The Curious Case of Benjamin Button Tells the story of Benjamin Button, a man who starts aging backwards with consequences. Brad Pitt Cate Blanchett David Fincher"
Veer-Zaara,"Veer-Zaara is a saga of love, separation, courage and sacrifice. A love story that is an inspiration and will remain a legend forever.",Shah Rukh Khan,Preity Zinta,Yash Chopra,"Veer-Zaara Veer-Zaara is a saga of love, separation, courage and sacrifice. A love story that is an inspiration and will remain a legend forever. Shah Rukh Khan Preity Zinta Yash Chopra"
Adams æbler,A neo-nazi sentenced to community service at a church clashes with the blindly devotional priest.,Ulrich Thomsen,Mads Mikkelsen,Anders Thomas Jensen,Adams æbler A neo-nazi sentenced to community service at a church clashes with the blindly devotional priest. Ulrich Thomsen Mads Mikkelsen Anders Thomas Jensen
Pride & Prejudice,"Sparks fly when spirited Elizabeth Bennet meets single, rich, and proud Mr. Darcy. But Mr. Darcy reluctantly finds himself falling in love with a woman beneath his class. Can each overcome their own pride and prejudice?",Keira Knightley,Matthew Macfadyen,Joe Wright,"Pride & Prejudice Sparks fly when spirited Elizabeth Bennet meets single, rich, and proud Mr. Darcy. But Mr. Darcy reluctantly finds himself falling in love with a woman beneath his class. Can each overcome their own pride and prejudice? Keira Knightley Matthew Macfadyen Joe Wright"
The World's Fastest Indian,"The story of New Zealander Burt Munro, who spent years rebuilding a 1920 Indian motorcycle, which helped him set the land speed world record at Utah's Bonneville Salt Flats in 1967.",Anthony Hopkins,Diane Ladd,Roger Donaldson,"The World's Fastest Indian The story of New Zealander Burt Munro, who spent years rebuilding a 1920 Indian motorcycle, which helped him set the land speed world record at Utah's Bonneville Salt Flats in 1967. Anthony Hopkins Diane Ladd Roger Donaldson"
Tôkyô goddofâzâzu,"On Christmas Eve, three homeless people living on the streets of Tokyo discover a newborn baby among the trash and set out to find its parents.",Shôgo Furuya,Tôru Emori,Satoshi Kon,"Tôkyô goddofâzâzu On Christmas Eve, three homeless people living on the streets of Tokyo discover a newborn baby among the trash and set out to find its parents. Shôgo Furuya Tôru Emori Satoshi Kon"
Serenity,The crew of the ship Serenity try to evade an assassin sent to recapture one of their members who is telepathic.,Nathan Fillion,Gina Torres,Joss Whedon,Serenity The crew of the ship Serenity try to evade an assassin sent to recapture one of their members who is telepathic. Nathan Fillion Gina Torres Joss Whedon
Walk the Line,"A chronicle of country music legend Johnny Cash's life, from his early days on an Arkansas cotton farm to his rise to fame with Sun Records in Memphis, where he recorded alongside Elvis Presley, Jerry Lee Lewis, and Carl Perkins.",Joaquin Phoenix,Reese Witherspoon,James Mangold,"Walk the Line A chronicle of country music legend Johnny Cash's life, from his early days on an Arkansas cotton farm to his rise to fame with Sun Records in Memphis, where he recorded alongside Elvis Presley, Jerry Lee Lewis, and Carl Perkins. Joaquin Phoenix Reese Witherspoon James Mangold"
Ondskan,"A teenage boy expelled from school for fighting arrives at a boarding school where the systematic bullying of younger students is encouraged as a means to maintain discipline, and decides to fight back.",Andreas Wilson,Henrik Lundström,Mikael Håfström,"Ondskan A teenage boy expelled from school for fighting arrives at a boarding school where the systematic bullying of younger students is encouraged as a means to maintain discipline, and decides to fight back. Andreas Wilson Henrik Lundström Mikael Håfström"
The Notebook,"A poor yet passionate young man falls in love with a rich young woman, giving her a sense of freedom, but they are soon separated because of their social differences.",Gena Rowlands,James Garner,Nick Cassavetes,"The Notebook A poor yet passionate young man falls in love with a rich young woman, giving her a sense of freedom, but they are soon separated because of their social differences. Gena Rowlands James Garner Nick Cassavetes"
Diarios de motocicleta,The dramatization of a motorcycle road trip Che Guevara went on in his youth that showed him his life's calling.,Gael García Bernal,Rodrigo De la Serna,Walter Salles,Diarios de motocicleta The dramatization of a motorcycle road trip Che Guevara went on in his youth that showed him his life's calling. Gael García Bernal Rodrigo De la Serna Walter Salles
Lilja 4-ever,"Sixteen-year-old Lilja and her only friend, the young boy Volodja, live in Russia, fantasizing about a better life. One day, Lilja falls in love with Andrej, who is going to Sweden, and invites Lilja to come along and start a new life.",Oksana Akinshina,Artyom Bogucharskiy,Lukas Moodysson,"Lilja 4-ever Sixteen-year-old Lilja and her only friend, the young boy Volodja, live in Russia, fantasizing about a better life. One day, Lilja falls in love with Andrej, who is going to Sweden, and invites Lilja to come along and start a new life. Oksana Akinshina Artyom Bogucharskiy Lukas Moodysson"
Les triplettes de Belleville,"When her grandson is kidnapped during the Tour de France, Madame Souza and her beloved pooch Bruno team up with the Belleville Sisters--an aged song-and-dance team from the days of Fred Astaire--to rescue him.",Michèle Caucheteux,Jean-Claude Donda,Sylvain Chomet,"Les triplettes de Belleville When her grandson is kidnapped during the Tour de France, Madame Souza and her beloved pooch Bruno team up with the Belleville Sisters--an aged song-and-dance team from the days of Fred Astaire--to rescue him. Michèle Caucheteux Jean-Claude Donda Sylvain Chomet"
Gongdong gyeongbi guyeok JSA,"After a shooting incident at the North/South Korean border/DMZ leaves 2 North Korean soldiers dead, a neutral Swiss/Swedish team investigates, what actually happened.",Lee Yeong-ae,Lee Byung-Hun,Chan-wook Park,"Gongdong gyeongbi guyeok JSA After a shooting incident at the North/South Korean border/DMZ leaves 2 North Korean soldiers dead, a neutral Swiss/Swedish team investigates, what actually happened. Lee Yeong-ae Lee Byung-Hun Chan-wook Park"
The Count of Monte Cristo,"A young man, falsely imprisoned by his jealous ""friend"", escapes and uses a hidden treasure to exact his revenge.",Jim Caviezel,Guy Pearce,Kevin Reynolds,"The Count of Monte Cristo A young man, falsely imprisoned by his jealous ""friend"", escapes and uses a hidden treasure to exact his revenge. Jim Caviezel Guy Pearce Kevin Reynolds"
Waking Life,A man shuffles through a dream meeting various people and discussing the meanings and purposes of the universe.,Ethan Hawke,Trevor Jack Brooks,Richard Linklater,Waking Life A man shuffles through a dream meeting various people and discussing the meanings and purposes of the universe. Ethan Hawke Trevor Jack Brooks Richard Linklater
Remember the Titans,The true story of a newly appointed African-American coach and his high school team on their first season as a racially integrated unit.,Denzel Washington,Will Patton,Boaz Yakin,Remember the Titans The true story of a newly appointed African-American coach and his high school team on their first season as a racially integrated unit. Denzel Washington Will Patton Boaz Yakin
Wo hu cang long,A young Chinese warrior steals a sword from a famed swordsman and then escapes into a world of romantic adventure with a mysterious man in the frontier of the nation.,Yun-Fat Chow,Michelle Yeoh,Ang Lee,Wo hu cang long A young Chinese warrior steals a sword from a famed swordsman and then escapes into a world of romantic adventure with a mysterious man in the frontier of the nation. Yun-Fat Chow Michelle Yeoh Ang Lee
Todo sobre mi madre,"Young Esteban wants to become a writer and also to discover the identity of his second mother, a trans woman, carefully concealed by his mother Manuela.",Cecilia Roth,Marisa Paredes,Pedro Almodóvar,"Todo sobre mi madre Young Esteban wants to become a writer and also to discover the identity of his second mother, a trans woman, carefully concealed by his mother Manuela. Cecilia Roth Marisa Paredes Pedro Almodóvar"
Cast Away,A FedEx executive undergoes a physical and emotional transformation after crash landing on a deserted island.,Tom Hanks,Helen Hunt,Robert Zemeckis,Cast Away A FedEx executive undergoes a physical and emotional transformation after crash landing on a deserted island. Tom Hanks Helen Hunt Robert Zemeckis
The Boondock Saints,Two Irish Catholic brothers become vigilantes and wipe out Boston's criminal underworld in the name of God.,Willem Dafoe,Sean Patrick Flanery,Troy Duffy,The Boondock Saints Two Irish Catholic brothers become vigilantes and wipe out Boston's criminal underworld in the name of God. Willem Dafoe Sean Patrick Flanery Troy Duffy
The Insider,A research chemist comes under personal and professional attack when he decides to appear in a 60 Minutes exposé on Big Tobacco.,Russell Crowe,Al Pacino,Michael Mann,The Insider A research chemist comes under personal and professional attack when he decides to appear in a 60 Minutes exposé on Big Tobacco. Russell Crowe Al Pacino Michael Mann
October Sky,"The true story of Homer Hickam, a coal miner's son who was inspired by the first Sputnik launch to take up rocketry against his father's wishes.",Jake Gyllenhaal,Chris Cooper,Joe Johnston,"October Sky The true story of Homer Hickam, a coal miner's son who was inspired by the first Sputnik launch to take up rocketry against his father's wishes. Jake Gyllenhaal Chris Cooper Joe Johnston"
Shrek,"A mean lord exiles fairytale creatures to the swamp of a grumpy ogre, who must go on a quest and rescue a princess for the lord in order to get his land back.",Vicky Jenson,Mike Myers,Andrew Adamson,"Shrek A mean lord exiles fairytale creatures to the swamp of a grumpy ogre, who must go on a quest and rescue a princess for the lord in order to get his land back. Vicky Jenson Mike Myers Andrew Adamson"
Titanic,"A seventeen-year-old aristocrat falls in love with a kind but poor artist aboard the luxurious, ill-fated R.M.S. Titanic.",Leonardo DiCaprio,Kate Winslet,James Cameron,"Titanic A seventeen-year-old aristocrat falls in love with a kind but poor artist aboard the luxurious, ill-fated R.M.S. Titanic. Leonardo DiCaprio Kate Winslet James Cameron"
Hana-bi,"Nishi leaves the police in the face of harrowing personal and professional difficulties. Spiraling into depression, he makes questionable decisions.",Takeshi Kitano,Kayoko Kishimoto,Takeshi Kitano,"Hana-bi Nishi leaves the police in the face of harrowing personal and professional difficulties. Spiraling into depression, he makes questionable decisions. Takeshi Kitano Kayoko Kishimoto Takeshi Kitano"
Gattaca,A genetically inferior man assumes the identity of a superior one in order to pursue his lifelong dream of space travel.,Ethan Hawke,Uma Thurman,Andrew Niccol,Gattaca A genetically inferior man assumes the identity of a superior one in order to pursue his lifelong dream of space travel. Ethan Hawke Uma Thurman Andrew Niccol
The Game,"After a wealthy banker is given an opportunity to participate in a mysterious game, his life is turned upside down when he becomes unable to distinguish between the game and reality.",Michael Douglas,Deborah Kara Unger,David Fincher,"The Game After a wealthy banker is given an opportunity to participate in a mysterious game, his life is turned upside down when he becomes unable to distinguish between the game and reality. Michael Douglas Deborah Kara Unger David Fincher"
Breaking the Waves,"Oilman Jan is paralyzed in an accident. His wife, who prayed for his return, feels guilty; even more, when Jan urges her to have sex with another.",Emily Watson,Stellan Skarsgård,Lars von Trier,"Breaking the Waves Oilman Jan is paralyzed in an accident. His wife, who prayed for his return, feels guilty; even more, when Jan urges her to have sex with another. Emily Watson Stellan Skarsgård Lars von Trier"
Ed Wood,"Ambitious but troubled movie director Edward D. Wood Jr. tries his best to fulfill his dreams, despite his lack of talent.",Johnny Depp,Martin Landau,Tim Burton,"Ed Wood Ambitious but troubled movie director Edward D. Wood Jr. tries his best to fulfill his dreams, despite his lack of talent. Johnny Depp Martin Landau Tim Burton"
What's Eating Gilbert Grape,A young man in a small Midwestern town struggles to care for his mentally-disabled younger brother and morbidly obese mother while attempting to pursue his own happiness.,Johnny Depp,Leonardo DiCaprio,Lasse Hallström,What's Eating Gilbert Grape A young man in a small Midwestern town struggles to care for his mentally-disabled younger brother and morbidly obese mother while attempting to pursue his own happiness. Johnny Depp Leonardo DiCaprio Lasse Hallström
Tombstone,"A successful lawman's plans to retire anonymously in Tombstone, Arizona are disrupted by the kind of outlaws he was famous for eliminating.",Kevin Jarre,Kurt Russell,George P. Cosmatos,"Tombstone A successful lawman's plans to retire anonymously in Tombstone, Arizona are disrupted by the kind of outlaws he was famous for eliminating. Kevin Jarre Kurt Russell George P. Cosmatos"
The Sandlot,"In the summer of 1962, a new kid in town is taken under the wing of a young baseball prodigy and his rowdy team, resulting in many adventures.",Tom Guiry,Mike Vitar,David Mickey Evans,"The Sandlot In the summer of 1962, a new kid in town is taken under the wing of a young baseball prodigy and his rowdy team, resulting in many adventures. Tom Guiry Mike Vitar David Mickey Evans"
The Remains of the Day,A butler who sacrificed body and soul to service in the years leading up to World War II realizes too late how misguided his loyalty was to his lordly employer.,Anthony Hopkins,Emma Thompson,James Ivory,The Remains of the Day A butler who sacrificed body and soul to service in the years leading up to World War II realizes too late how misguided his loyalty was to his lordly employer. Anthony Hopkins Emma Thompson James Ivory
Naked,"Parallel tales of two sexually obsessed men, one hurting and annoying women physically and mentally, one wandering around the city talking to strangers and experiencing dimensions of life.",David Thewlis,Lesley Sharp,Mike Leigh,"Naked Parallel tales of two sexually obsessed men, one hurting and annoying women physically and mentally, one wandering around the city talking to strangers and experiencing dimensions of life. David Thewlis Lesley Sharp Mike Leigh"
The Fugitive,"Dr. Richard Kimble, unjustly accused of murdering his wife, must find the real killer while being the target of a nationwide manhunt led by a seasoned U.S. Marshal.",Harrison Ford,Tommy Lee Jones,Andrew Davis,"The Fugitive Dr. Richard Kimble, unjustly accused of murdering his wife, must find the real killer while being the target of a nationwide manhunt led by a seasoned U.S. Marshal. Harrison Ford Tommy Lee Jones Andrew Davis"
A Bronx Tale,A father becomes worried when a local gangster befriends his son in the Bronx in the 1960s.,Robert De Niro,Chazz Palminteri,Robert De Niro,A Bronx Tale A father becomes worried when a local gangster befriends his son in the Bronx in the 1960s. Robert De Niro Chazz Palminteri Robert De Niro
Batman: Mask of the Phantasm,Batman is wrongly implicated in a series of murders of mob bosses actually done by a new vigilante assassin.,Boyd Kirkland,Frank Paur,Kevin Altieri,Batman: Mask of the Phantasm Batman is wrongly implicated in a series of murders of mob bosses actually done by a new vigilante assassin. Boyd Kirkland Frank Paur Kevin Altieri
Lat sau san taam,A tough-as-nails cop teams up with an undercover agent to shut down a sinister mobster and his crew.,Yun-Fat Chow,Tony Chiu-Wai Leung,John Woo,Lat sau san taam A tough-as-nails cop teams up with an undercover agent to shut down a sinister mobster and his crew. Yun-Fat Chow Tony Chiu-Wai Leung John Woo
Night on Earth,An anthology of 5 different cab drivers in 5 American and European cities and their remarkable fares on the same eventful night.,Winona Ryder,Gena Rowlands,Jim Jarmusch,Night on Earth An anthology of 5 different cab drivers in 5 American and European cities and their remarkable fares on the same eventful night. Winona Ryder Gena Rowlands Jim Jarmusch
La double vie de Véronique,"Two parallel stories about two identical women; one living in Poland, the other in France. They don't know each other, but their lives are nevertheless profoundly connected.",Irène Jacob,Wladyslaw Kowalski,Krzysztof Kieslowski,"La double vie de Véronique Two parallel stories about two identical women; one living in Poland, the other in France. They don't know each other, but their lives are nevertheless profoundly connected. Irène Jacob Wladyslaw Kowalski Krzysztof Kieslowski"
Boyz n the Hood,"Follows the lives of three young males living in the Crenshaw ghetto of Los Angeles, dissecting questions of race, relationships, violence, and future prospects.",Cuba Gooding Jr.,Laurence Fishburne,John Singleton,"Boyz n the Hood Follows the lives of three young males living in the Crenshaw ghetto of Los Angeles, dissecting questions of race, relationships, violence, and future prospects. Cuba Gooding Jr. Laurence Fishburne John Singleton"
Misery,"After a famous author is rescued from a car crash by a fan of his novels, he comes to realize that the care he is receiving is only the beginning of a nightmare of captivity and abuse.",James Caan,Kathy Bates,Rob Reiner,"Misery After a famous author is rescued from a car crash by a fan of his novels, he comes to realize that the care he is receiving is only the beginning of a nightmare of captivity and abuse. James Caan Kathy Bates Rob Reiner"
Awakenings,"The victims of an encephalitis epidemic many years ago have been catatonic ever since, but now a new drug offers the prospect of reviving them.",Robert De Niro,Robin Williams,Penny Marshall,"Awakenings The victims of an encephalitis epidemic many years ago have been catatonic ever since, but now a new drug offers the prospect of reviving them. Robert De Niro Robin Williams Penny Marshall"
Majo no takkyûbin,"A young witch, on her mandatory year of independent life, finds fitting into a new community difficult while she supports herself by running an air courier service.",Kirsten Dunst,Minami Takayama,Hayao Miyazaki,"Majo no takkyûbin A young witch, on her mandatory year of independent life, finds fitting into a new community difficult while she supports herself by running an air courier service. Kirsten Dunst Minami Takayama Hayao Miyazaki"
Glory,"Robert Gould Shaw leads the U.S. Civil War's first all-black volunteer company, fighting prejudices from both his own Union Army, and the Confederates.",Matthew Broderick,Denzel Washington,Edward Zwick,"Glory Robert Gould Shaw leads the U.S. Civil War's first all-black volunteer company, fighting prejudices from both his own Union Army, and the Confederates. Matthew Broderick Denzel Washington Edward Zwick"
Dip huet seung hung,A disillusioned assassin accepts one last hit in hopes of using his earnings to restore vision to a singer he accidentally blinded.,Yun-Fat Chow,Danny Lee,John Woo,Dip huet seung hung A disillusioned assassin accepts one last hit in hopes of using his earnings to restore vision to a singer he accidentally blinded. Yun-Fat Chow Danny Lee John Woo
Back to the Future Part II,"After visiting 2015, Marty McFly must repeat his visit to 1955 to prevent disastrous changes to 1985...without interfering with his first trip.",Michael J. Fox,Christopher Lloyd,Robert Zemeckis,"Back to the Future Part II After visiting 2015, Marty McFly must repeat his visit to 1955 to prevent disastrous changes to 1985...without interfering with his first trip. Michael J. Fox Christopher Lloyd Robert Zemeckis"
Mississippi Burning,Two F.B.I. Agents with wildly different styles arrive in Mississippi to investigate the disappearance of some civil rights activists.,Gene Hackman,Willem Dafoe,Alan Parker,Mississippi Burning Two F.B.I. Agents with wildly different styles arrive in Mississippi to investigate the disappearance of some civil rights activists. Gene Hackman Willem Dafoe Alan Parker
Predator,A team of commandos on a mission in a Central American jungle find themselves hunted by an extraterrestrial warrior.,Arnold Schwarzenegger,Carl Weathers,John McTiernan,Predator A team of commandos on a mission in a Central American jungle find themselves hunted by an extraterrestrial warrior. Arnold Schwarzenegger Carl Weathers John McTiernan
Evil Dead II,The lone survivor of an onslaught of flesh-possessing spirits holes up in a cabin with a group of strangers while the demons continue their attack.,Bruce Campbell,Sarah Berry,Sam Raimi,Evil Dead II The lone survivor of an onslaught of flesh-possessing spirits holes up in a cabin with a group of strangers while the demons continue their attack. Bruce Campbell Sarah Berry Sam Raimi
Ferris Bueller's Day Off,"A high school wise guy is determined to have a day off from school, despite what the Principal thinks of that.",Matthew Broderick,Alan Ruck,John Hughes,"Ferris Bueller's Day Off A high school wise guy is determined to have a day off from school, despite what the Principal thinks of that. Matthew Broderick Alan Ruck John Hughes"
Down by Law,"Two men are framed and sent to jail, where they meet a murderer who helps them escape and leave the state.",Tom Waits,John Lurie,Jim Jarmusch,"Down by Law Two men are framed and sent to jail, where they meet a murderer who helps them escape and leave the state. Tom Waits John Lurie Jim Jarmusch"
The Goonies,A group of young misfits called The Goonies discover an ancient map and set out on an adventure to find a legendary pirate's long-lost treasure.,Sean Astin,Josh Brolin,Richard Donner,The Goonies A group of young misfits called The Goonies discover an ancient map and set out on an adventure to find a legendary pirate's long-lost treasure. Sean Astin Josh Brolin Richard Donner
The Color Purple,A black Southern woman struggles to find her identity after suffering abuse from her father and others over four decades.,Danny Glover,Whoopi Goldberg,Steven Spielberg,The Color Purple A black Southern woman struggles to find her identity after suffering abuse from her father and others over four decades. Danny Glover Whoopi Goldberg Steven Spielberg
The Breakfast Club,Five high school students meet in Saturday detention and discover how they have a lot more in common than they thought.,Emilio Estevez,Judd Nelson,John Hughes,The Breakfast Club Five high school students meet in Saturday detention and discover how they have a lot more in common than they thought. Emilio Estevez Judd Nelson John Hughes
The Killing Fields,"A journalist is trapped in Cambodia during tyrant Pol Pot's bloody 'Year Zero' cleansing campaign, which claimed the lives of two million 'undesirable' civilians.",Sam Waterston,Haing S. Ngor,Roland Joffé,"The Killing Fields A journalist is trapped in Cambodia during tyrant Pol Pot's bloody 'Year Zero' cleansing campaign, which claimed the lives of two million 'undesirable' civilians. Sam Waterston Haing S. Ngor Roland Joffé"
Ghostbusters,Three former parapsychology professors set up shop as a unique ghost removal service.,Bill Murray,Dan Aykroyd,Ivan Reitman,Ghostbusters Three former parapsychology professors set up shop as a unique ghost removal service. Bill Murray Dan Aykroyd Ivan Reitman
The Right Stuff,"The story of the original Mercury 7 astronauts and their macho, seat-of-the-pants approach to the space program.",Sam Shepard,Scott Glenn,Philip Kaufman,"The Right Stuff The story of the original Mercury 7 astronauts and their macho, seat-of-the-pants approach to the space program. Sam Shepard Scott Glenn Philip Kaufman"
The King of Comedy,"Rupert Pupkin is a passionate yet unsuccessful comic who craves nothing more than to be in the spotlight and to achieve this, he stalks and kidnaps his idol to take the spotlight for himself.",Robert De Niro,Jerry Lewis,Martin Scorsese,"The King of Comedy Rupert Pupkin is a passionate yet unsuccessful comic who craves nothing more than to be in the spotlight and to achieve this, he stalks and kidnaps his idol to take the spotlight for himself. Robert De Niro Jerry Lewis Martin Scorsese"
E.T. the Extra-Terrestrial,A troubled child summons the courage to help a friendly alien escape Earth and return to his home world.,Henry Thomas,Drew Barrymore,Steven Spielberg,E.T. the Extra-Terrestrial A troubled child summons the courage to help a friendly alien escape Earth and return to his home world. Henry Thomas Drew Barrymore Steven Spielberg
Kramer vs. Kramer,"Ted Kramer's wife leaves him, allowing for a lost bond to be rediscovered between Ted and his son, Billy. But a heated custody battle ensues over the divorced couple's son, deepening the wounds left by the separation.",Dustin Hoffman,Meryl Streep,Robert Benton,"Kramer vs. Kramer Ted Kramer's wife leaves him, allowing for a lost bond to be rediscovered between Ted and his son, Billy. But a heated custody battle ensues over the divorced couple's son, deepening the wounds left by the separation. Dustin Hoffman Meryl Streep Robert Benton"
Days of Heaven,A hot-tempered farm laborer convinces the woman he loves to marry their rich but dying boss so that they can have a claim to his fortune.,Richard Gere,Brooke Adams,Terrence Malick,Days of Heaven A hot-tempered farm laborer convinces the woman he loves to marry their rich but dying boss so that they can have a claim to his fortune. Richard Gere Brooke Adams Terrence Malick
The Outlaw Josey Wales,Missouri farmer Josey Wales joins a Confederate guerrilla unit and winds up on the run from the Union soldiers who murdered his family.,Clint Eastwood,Sondra Locke,Clint Eastwood,The Outlaw Josey Wales Missouri farmer Josey Wales joins a Confederate guerrilla unit and winds up on the run from the Union soldiers who murdered his family. Clint Eastwood Sondra Locke Clint Eastwood
The Man Who Would Be King,"Two British former soldiers decide to set themselves up as Kings in Kafiristan, a land where no white man has set foot since Alexander the Great.",Sean Connery,Michael Caine,John Huston,"The Man Who Would Be King Two British former soldiers decide to set themselves up as Kings in Kafiristan, a land where no white man has set foot since Alexander the Great. Sean Connery Michael Caine John Huston"
The Conversation,"A paranoid, secretive surveillance expert has a crisis of conscience when he suspects that the couple he is spying on will be murdered.",Gene Hackman,John Cazale,Francis Ford Coppola,"The Conversation A paranoid, secretive surveillance expert has a crisis of conscience when he suspects that the couple he is spying on will be murdered. Gene Hackman John Cazale Francis Ford Coppola"
La planète sauvage,"On a faraway planet where blue giants rule, oppressed humanoids rebel against their machine-like leaders.",Barry Bostwick,Jennifer Drake,René Laloux,"La planète sauvage On a faraway planet where blue giants rule, oppressed humanoids rebel against their machine-like leaders. Barry Bostwick Jennifer Drake René Laloux"
The Day of the Jackal,"A professional assassin codenamed ""Jackal"" plots to kill Charles de Gaulle, the President of France.",Edward Fox,Terence Alexander,Fred Zinnemann,"The Day of the Jackal A professional assassin codenamed ""Jackal"" plots to kill Charles de Gaulle, the President of France. Edward Fox Terence Alexander Fred Zinnemann"
Badlands,An impressionable teenage girl from a dead-end town and her older greaser boyfriend embark on a killing spree in the South Dakota badlands.,Martin Sheen,Sissy Spacek,Terrence Malick,Badlands An impressionable teenage girl from a dead-end town and her older greaser boyfriend embark on a killing spree in the South Dakota badlands. Martin Sheen Sissy Spacek Terrence Malick
Cabaret,A female girlie club entertainer in Weimar Republic era Berlin romances two men while the Nazi Party rises to power around them.,Liza Minnelli,Michael York,Bob Fosse,Cabaret A female girlie club entertainer in Weimar Republic era Berlin romances two men while the Nazi Party rises to power around them. Liza Minnelli Michael York Bob Fosse
Willy Wonka & the Chocolate Factory,A poor but hopeful boy seeks one of the five coveted golden tickets that will send him on a tour of Willy Wonka's mysterious chocolate factory.,Gene Wilder,Jack Albertson,Mel Stuart,Willy Wonka & the Chocolate Factory A poor but hopeful boy seeks one of the five coveted golden tickets that will send him on a tour of Willy Wonka's mysterious chocolate factory. Gene Wilder Jack Albertson Mel Stuart
Midnight Cowboy,"A naive hustler travels from Texas to New York City to seek personal fortune, finding a new friend in the process.",Dustin Hoffman,Jon Voight,John Schlesinger,"Midnight Cowboy A naive hustler travels from Texas to New York City to seek personal fortune, finding a new friend in the process. Dustin Hoffman Jon Voight John Schlesinger"
Wait Until Dark,A recently blinded woman is terrorized by a trio of thugs while they search for a heroin-stuffed doll they believe is in her apartment.,Audrey Hepburn,Alan Arkin,Terence Young,Wait Until Dark A recently blinded woman is terrorized by a trio of thugs while they search for a heroin-stuffed doll they believe is in her apartment. Audrey Hepburn Alan Arkin Terence Young
Guess Who's Coming to Dinner,A couple's attitudes are challenged when their daughter introduces them to her African-American fiancé.,Spencer Tracy,Sidney Poitier,Stanley Kramer,Guess Who's Coming to Dinner A couple's attitudes are challenged when their daughter introduces them to her African-American fiancé. Spencer Tracy Sidney Poitier Stanley Kramer
Bonnie and Clyde,"Bored waitress Bonnie Parker falls in love with an ex-con named Clyde Barrow and together they start a violent crime spree through the country, stealing cars and robbing banks.",Warren Beatty,Faye Dunaway,Arthur Penn,"Bonnie and Clyde Bored waitress Bonnie Parker falls in love with an ex-con named Clyde Barrow and together they start a violent crime spree through the country, stealing cars and robbing banks. Warren Beatty Faye Dunaway Arthur Penn"
My Fair Lady,Snobbish phonetics Professor Henry Higgins agrees to a wager that he can make flower girl Eliza Doolittle presentable in high society.,Audrey Hepburn,Rex Harrison,George Cukor,My Fair Lady Snobbish phonetics Professor Henry Higgins agrees to a wager that he can make flower girl Eliza Doolittle presentable in high society. Audrey Hepburn Rex Harrison George Cukor
Mary Poppins,"In turn of the century London, a magical nanny employs music and adventure to help two neglected children become closer to their father.",Julie Andrews,Dick Van Dyke,Robert Stevenson,"Mary Poppins In turn of the century London, a magical nanny employs music and adventure to help two neglected children become closer to their father. Julie Andrews Dick Van Dyke Robert Stevenson"
The Longest Day,"The events of D-Day, told on a grand scale from both the Allied and German points of view.",Andrew Marton,Gerd Oswald,Ken Annakin,"The Longest Day The events of D-Day, told on a grand scale from both the Allied and German points of view. Andrew Marton Gerd Oswald Ken Annakin"
Jules et Jim,Decades of a love triangle concerning two friends and an impulsive woman.,Jeanne Moreau,Oskar Werner,François Truffaut,Jules et Jim Decades of a love triangle concerning two friends and an impulsive woman. Jeanne Moreau Oskar Werner François Truffaut
The Innocents,A young governess for two children becomes convinced that the house and grounds are haunted.,Deborah Kerr,Peter Wyngarde,Jack Clayton,The Innocents A young governess for two children becomes convinced that the house and grounds are haunted. Deborah Kerr Peter Wyngarde Jack Clayton
À bout de souffle,"A small-time thief steals a car and impulsively murders a motorcycle policeman. Wanted by the authorities, he reunites with a hip American journalism student and attempts to persuade her to run away with him to Italy.",Jean-Paul Belmondo,Jean Seberg,Jean-Luc Godard,"À bout de souffle A small-time thief steals a car and impulsively murders a motorcycle policeman. Wanted by the authorities, he reunites with a hip American journalism student and attempts to persuade her to run away with him to Italy. Jean-Paul Belmondo Jean Seberg Jean-Luc Godard"
Red River,"Dunson leads a cattle drive, the culmination of over 14 years of work, to its destination in Missouri. But his tyrannical behavior along the way causes a mutiny, led by his adopted son.",Arthur Rosson,John Wayne,Howard Hawks,"Red River Dunson leads a cattle drive, the culmination of over 14 years of work, to its destination in Missouri. But his tyrannical behavior along the way causes a mutiny, led by his adopted son. Arthur Rosson John Wayne Howard Hawks"
Key Largo,"A man visits his war buddy's family hotel and finds a gangster running things. As a hurricane approaches, the two end up confronting each other.",Humphrey Bogart,Edward G. Robinson,John Huston,"Key Largo A man visits his war buddy's family hotel and finds a gangster running things. As a hurricane approaches, the two end up confronting each other. Humphrey Bogart Edward G. Robinson John Huston"
To Have and Have Not,"During World War II, American expatriate Harry Morgan helps transport a French Resistance leader and his beautiful wife to Martinique while romancing a sensuous lounge singer.",Humphrey Bogart,Lauren Bacall,Howard Hawks,"To Have and Have Not During World War II, American expatriate Harry Morgan helps transport a French Resistance leader and his beautiful wife to Martinique while romancing a sensuous lounge singer. Humphrey Bogart Lauren Bacall Howard Hawks"
Shadow of a Doubt,"A young girl, overjoyed when her favorite uncle comes to visit the family, slowly begins to suspect that he is in fact the ""Merry Widow"" killer sought by the authorities.",Teresa Wright,Joseph Cotten,Alfred Hitchcock,"Shadow of a Doubt A young girl, overjoyed when her favorite uncle comes to visit the family, slowly begins to suspect that he is in fact the ""Merry Widow"" killer sought by the authorities. Teresa Wright Joseph Cotten Alfred Hitchcock"
Stagecoach,A group of people traveling on a stagecoach find their journey complicated by the threat of Geronimo and learn something about each other in the process.,John Wayne,Claire Trevor,John Ford,Stagecoach A group of people traveling on a stagecoach find their journey complicated by the threat of Geronimo and learn something about each other in the process. John Wayne Claire Trevor John Ford
The Lady Vanishes,"While travelling in continental Europe, a rich young playgirl realizes that an elderly lady seems to have disappeared from the train.",Margaret Lockwood,Michael Redgrave,Alfred Hitchcock,"The Lady Vanishes While travelling in continental Europe, a rich young playgirl realizes that an elderly lady seems to have disappeared from the train. Margaret Lockwood Michael Redgrave Alfred Hitchcock"
Bringing Up Baby,"While trying to secure a $1 million donation for his museum, a befuddled paleontologist is pursued by a flighty and often irritating heiress and her pet leopard, Baby.",Katharine Hepburn,Cary Grant,Howard Hawks,"Bringing Up Baby While trying to secure a $1 million donation for his museum, a befuddled paleontologist is pursued by a flighty and often irritating heiress and her pet leopard, Baby. Katharine Hepburn Cary Grant Howard Hawks"
Bride of Frankenstein,"Mary Shelley reveals the main characters of her novel survived: Dr. Frankenstein, goaded by an even madder scientist, builds his monster a mate.",Boris Karloff,Elsa Lanchester,James Whale,"Bride of Frankenstein Mary Shelley reveals the main characters of her novel survived: Dr. Frankenstein, goaded by an even madder scientist, builds his monster a mate. Boris Karloff Elsa Lanchester James Whale"
Duck Soup,Rufus T. Firefly is named president/dictator of bankrupt Freedonia and declares war on neighboring Sylvania over the love of wealthy Mrs. Teasdale.,Groucho Marx,Harpo Marx,Leo McCarey,Duck Soup Rufus T. Firefly is named president/dictator of bankrupt Freedonia and declares war on neighboring Sylvania over the love of wealthy Mrs. Teasdale. Groucho Marx Harpo Marx Leo McCarey
Scarface: The Shame of the Nation,"An ambitious and nearly insane violent gangster climbs the ladder of success in the mob, but his weaknesses prove to be his downfall.",Richard Rosson,Paul Muni,Howard Hawks,"Scarface: The Shame of the Nation An ambitious and nearly insane violent gangster climbs the ladder of success in the mob, but his weaknesses prove to be his downfall. Richard Rosson Paul Muni Howard Hawks"
Frankenstein,Dr. Frankenstein dares to tamper with life and death by creating a human monster out of lifeless body parts.,Colin Clive,Mae Clarke,James Whale,Frankenstein Dr. Frankenstein dares to tamper with life and death by creating a human monster out of lifeless body parts. Colin Clive Mae Clarke James Whale
Roma,A year in the life of a middle-class family's maid in Mexico City in the early 1970s.,Yalitza Aparicio,Marina de Tavira,Alfonso Cuarón,Roma A year in the life of a middle-class family's maid in Mexico City in the early 1970s. Yalitza Aparicio Marina de Tavira Alfonso Cuarón
God's Own Country,"Spring. Yorkshire. Young farmer Johnny Saxby numbs his daily frustrations with binge drinking and casual sex, until the arrival of a Romanian migrant worker for lambing season ignites an intense relationship that sets Johnny on a new path.",Josh O'Connor,Alec Secareanu,Francis Lee,"God's Own Country Spring. Yorkshire. Young farmer Johnny Saxby numbs his daily frustrations with binge drinking and casual sex, until the arrival of a Romanian migrant worker for lambing season ignites an intense relationship that sets Johnny on a new path. Josh O'Connor Alec Secareanu Francis Lee"
Deadpool 2,"Foul-mouthed mutant mercenary Wade Wilson (a.k.a. Deadpool), brings together a team of fellow mutant rogues to protect a young boy with supernatural abilities from the brutal, time-traveling cyborg Cable.",Ryan Reynolds,Josh Brolin,David Leitch,"Deadpool 2 Foul-mouthed mutant mercenary Wade Wilson (a.k.a. Deadpool), brings together a team of fellow mutant rogues to protect a young boy with supernatural abilities from the brutal, time-traveling cyborg Cable. Ryan Reynolds Josh Brolin David Leitch"
Wind River,A veteran hunter helps an FBI agent investigate the murder of a young woman on a Wyoming Native American reservation.,Kelsey Asbille,Jeremy Renner,Taylor Sheridan,Wind River A veteran hunter helps an FBI agent investigate the murder of a young woman on a Wyoming Native American reservation. Kelsey Asbille Jeremy Renner Taylor Sheridan
Get Out,"A young African-American visits his white girlfriend's parents for the weekend, where his simmering uneasiness about their reception of him eventually reaches a boiling point.",Daniel Kaluuya,Allison Williams,Jordan Peele,"Get Out A young African-American visits his white girlfriend's parents for the weekend, where his simmering uneasiness about their reception of him eventually reaches a boiling point. Daniel Kaluuya Allison Williams Jordan Peele"
Mission: Impossible - Fallout,"Ethan Hunt and his IMF team, along with some familiar allies, race against time after a mission gone wrong.",Tom Cruise,Henry Cavill,Christopher McQuarrie,"Mission: Impossible - Fallout Ethan Hunt and his IMF team, along with some familiar allies, race against time after a mission gone wrong. Tom Cruise Henry Cavill Christopher McQuarrie"
En man som heter Ove,"Ove, an ill-tempered, isolated retiree who spends his days enforcing block association rules and visiting his wife's grave, has finally given up on life just as an unlikely friendship develops with his boisterous new neighbors.",Rolf Lassgård,Bahar Pars,Hannes Holm,"En man som heter Ove Ove, an ill-tempered, isolated retiree who spends his days enforcing block association rules and visiting his wife's grave, has finally given up on life just as an unlikely friendship develops with his boisterous new neighbors. Rolf Lassgård Bahar Pars Hannes Holm"
What We Do in the Shadows,"Viago, Deacon and Vladislav are vampires who are finding that modern life has them struggling with the mundane - like paying rent, keeping up with the chore wheel, trying to get into nightclubs and overcoming flatmate conflicts.",Taika Waititi,Jemaine Clement,Jemaine Clement,"What We Do in the Shadows Viago, Deacon and Vladislav are vampires who are finding that modern life has them struggling with the mundane - like paying rent, keeping up with the chore wheel, trying to get into nightclubs and overcoming flatmate conflicts. Taika Waititi Jemaine Clement Jemaine Clement"
Omoide no Mânî,"Due to 12 y.o. Anna's asthma, she's sent to stay with relatives of her guardian in the Japanese countryside. She likes to be alone, sketching. She befriends Marnie. Who is the mysterious, blonde Marnie.",Hiromasa Yonebayashi,Sara Takatsuki,James Simone,"Omoide no Mânî Due to 12 y.o. Anna's asthma, she's sent to stay with relatives of her guardian in the Japanese countryside. She likes to be alone, sketching. She befriends Marnie. Who is the mysterious, blonde Marnie. Hiromasa Yonebayashi Sara Takatsuki James Simone"
The Theory of Everything,A look at the relationship between the famous physicist Stephen Hawking and his wife.,Eddie Redmayne,Felicity Jones,James Marsh,The Theory of Everything A look at the relationship between the famous physicist Stephen Hawking and his wife. Eddie Redmayne Felicity Jones James Marsh
Kingsman: The Secret Service,"A spy organisation recruits a promising street kid into the agency's training program, while a global threat emerges from a twisted tech genius.",Colin Firth,Taron Egerton,Matthew Vaughn,"Kingsman: The Secret Service A spy organisation recruits a promising street kid into the agency's training program, while a global threat emerges from a twisted tech genius. Colin Firth Taron Egerton Matthew Vaughn"
The Fault in Our Stars,Two teenage cancer patients begin a life-affirming journey to visit a reclusive author in Amsterdam.,Shailene Woodley,Ansel Elgort,Josh Boone,The Fault in Our Stars Two teenage cancer patients begin a life-affirming journey to visit a reclusive author in Amsterdam. Shailene Woodley Ansel Elgort Josh Boone
Me and Earl and the Dying Girl,"High schooler Greg, who spends most of his time making parodies of classic movies with his co-worker Earl, finds his outlook forever altered after befriending a classmate who has just been diagnosed with cancer.",Thomas Mann,RJ Cyler,Alfonso Gomez-Rejon,"Me and Earl and the Dying Girl High schooler Greg, who spends most of his time making parodies of classic movies with his co-worker Earl, finds his outlook forever altered after befriending a classmate who has just been diagnosed with cancer. Thomas Mann RJ Cyler Alfonso Gomez-Rejon"
Birdman or (The Unexpected Virtue of Ignorance),"A washed-up superhero actor attempts to revive his fading career by writing, directing, and starring in a Broadway production.",Michael Keaton,Zach Galifianakis,Alejandro G. Iñárritu,"Birdman or (The Unexpected Virtue of Ignorance) A washed-up superhero actor attempts to revive his fading career by writing, directing, and starring in a Broadway production. Michael Keaton Zach Galifianakis Alejandro G. Iñárritu"
La vie d'Adèle,"Adèle's life is changed when she meets Emma, a young woman with blue hair, who will allow her to discover desire and to assert herself as a woman and as an adult. In front of others, Adèle grows, seeks herself, loses herself, and ultimately finds herself through love and loss.",Léa Seydoux,Adèle Exarchopoulos,Abdellatif Kechiche,"La vie d'Adèle Adèle's life is changed when she meets Emma, a young woman with blue hair, who will allow her to discover desire and to assert herself as a woman and as an adult. In front of others, Adèle grows, seeks herself, loses herself, and ultimately finds herself through love and loss. Léa Seydoux Adèle Exarchopoulos Abdellatif Kechiche"
Kai po che!,Three friends growing up in India at the turn of the millennium set out to open a training academy to produce the country's next cricket stars.,Amit Sadh,Sushant Singh Rajput,Abhishek Kapoor,Kai po che! Three friends growing up in India at the turn of the millennium set out to open a training academy to produce the country's next cricket stars. Amit Sadh Sushant Singh Rajput Abhishek Kapoor
The Broken Circle Breakdown,"Elise and Didier fall in love at first sight, in spite of their differences. He talks, she listens. He's a romantic atheist, she's a religious realist. When their daughter becomes seriously ill, their love is put on trial.",Veerle Baetens,Johan Heldenbergh,Felix van Groeningen,"The Broken Circle Breakdown Elise and Didier fall in love at first sight, in spite of their differences. He talks, she listens. He's a romantic atheist, she's a religious realist. When their daughter becomes seriously ill, their love is put on trial. Veerle Baetens Johan Heldenbergh Felix van Groeningen"
Captain America: The Winter Soldier,"As Steve Rogers struggles to embrace his role in the modern world, he teams up with a fellow Avenger and S.H.I.E.L.D agent, Black Widow, to battle a new threat from history: an assassin known as the Winter Soldier.",Joe Russo,Chris Evans,Anthony Russo,"Captain America: The Winter Soldier As Steve Rogers struggles to embrace his role in the modern world, he teams up with a fellow Avenger and S.H.I.E.L.D agent, Black Widow, to battle a new threat from history: an assassin known as the Winter Soldier. Joe Russo Chris Evans Anthony Russo"
Rockstar,"Janardhan Jakhar chases his dreams of becoming a big Rock star, during which he falls in love with Heer.",Ranbir Kapoor,Nargis Fakhri,Imtiaz Ali,"Rockstar Janardhan Jakhar chases his dreams of becoming a big Rock star, during which he falls in love with Heer. Ranbir Kapoor Nargis Fakhri Imtiaz Ali"
Nebraska,"An aging, booze-addled father makes the trip from Montana to Nebraska with his estranged son in order to claim a million-dollar Mega Sweepstakes Marketing prize.",Bruce Dern,Will Forte,Alexander Payne,"Nebraska An aging, booze-addled father makes the trip from Montana to Nebraska with his estranged son in order to claim a million-dollar Mega Sweepstakes Marketing prize. Bruce Dern Will Forte Alexander Payne"
Wreck-It Ralph,"A video game villain wants to be a hero and sets out to fulfill his dream, but his quest brings havoc to the whole arcade where he lives.",John C. Reilly,Jack McBrayer,Rich Moore,"Wreck-It Ralph A video game villain wants to be a hero and sets out to fulfill his dream, but his quest brings havoc to the whole arcade where he lives. John C. Reilly Jack McBrayer Rich Moore"
Le Petit Prince,"A little girl lives in a very grown-up world with her mother, who tries to prepare her for it. Her neighbor, the Aviator, introduces the girl to an extraordinary world where anything is possible, the world of the Little Prince.",Jeff Bridges,Mackenzie Foy,Mark Osborne,"Le Petit Prince A little girl lives in a very grown-up world with her mother, who tries to prepare her for it. Her neighbor, the Aviator, introduces the girl to an extraordinary world where anything is possible, the world of the Little Prince. Jeff Bridges Mackenzie Foy Mark Osborne"
Detachment,A substitute teacher who drifts from classroom to classroom finds a connection to the students and teachers during his latest assignment.,Adrien Brody,Christina Hendricks,Tony Kaye,Detachment A substitute teacher who drifts from classroom to classroom finds a connection to the students and teachers during his latest assignment. Adrien Brody Christina Hendricks Tony Kaye
Midnight in Paris,"While on a trip to Paris with his fiancée's family, a nostalgic screenwriter finds himself mysteriously going back to the 1920s every day at midnight.",Owen Wilson,Rachel McAdams,Woody Allen,"Midnight in Paris While on a trip to Paris with his fiancée's family, a nostalgic screenwriter finds himself mysteriously going back to the 1920s every day at midnight. Owen Wilson Rachel McAdams Woody Allen"
The Lego Movie,"An ordinary LEGO construction worker, thought to be the prophesied as ""special"", is recruited to join a quest to stop an evil tyrant from gluing the LEGO universe into eternal stasis.",Phil Lord,Chris Pratt,Christopher Miller,"The Lego Movie An ordinary LEGO construction worker, thought to be the prophesied as ""special"", is recruited to join a quest to stop an evil tyrant from gluing the LEGO universe into eternal stasis. Phil Lord Chris Pratt Christopher Miller"
Gravity,Two astronauts work together to survive after an accident leaves them stranded in space.,Sandra Bullock,George Clooney,Alfonso Cuarón,Gravity Two astronauts work together to survive after an accident leaves them stranded in space. Sandra Bullock George Clooney Alfonso Cuarón
Star Trek Into Darkness,"After the crew of the Enterprise find an unstoppable force of terror from within their own organization, Captain Kirk leads a manhunt to a war-zone world to capture a one-man weapon of mass destruction.",Chris Pine,Zachary Quinto,J.J. Abrams,"Star Trek Into Darkness After the crew of the Enterprise find an unstoppable force of terror from within their own organization, Captain Kirk leads a manhunt to a war-zone world to capture a one-man weapon of mass destruction. Chris Pine Zachary Quinto J.J. Abrams"
Beasts of No Nation,"A drama based on the experiences of Agu, a child soldier fighting in the civil war of an unnamed African country.",Abraham Attah,Emmanuel Affadzi,Cary Joji Fukunaga,"Beasts of No Nation A drama based on the experiences of Agu, a child soldier fighting in the civil war of an unnamed African country. Abraham Attah Emmanuel Affadzi Cary Joji Fukunaga"
The Social Network,"As Harvard student Mark Zuckerberg creates the social networking site that would become known as Facebook, he is sued by the twins who claimed he stole their idea, and by the co-founder who was later squeezed out of the business.",Jesse Eisenberg,Andrew Garfield,David Fincher,"The Social Network As Harvard student Mark Zuckerberg creates the social networking site that would become known as Facebook, he is sued by the twins who claimed he stole their idea, and by the co-founder who was later squeezed out of the business. Jesse Eisenberg Andrew Garfield David Fincher"
X: First Class,"In the 1960s, superpowered humans Charles Xavier and Erik Lensherr work together to find others like them, but Erik's vengeful pursuit of an ambitious mutant who ruined his life causes a schism to divide them.",James McAvoy,Michael Fassbender,Matthew Vaughn,"X: First Class In the 1960s, superpowered humans Charles Xavier and Erik Lensherr work together to find others like them, but Erik's vengeful pursuit of an ambitious mutant who ruined his life causes a schism to divide them. James McAvoy Michael Fassbender Matthew Vaughn"
The Hangover,"Three buddies wake up from a bachelor party in Las Vegas, with no memory of the previous night and the bachelor missing. They make their way around the city in order to find their friend before his wedding.",Zach Galifianakis,Bradley Cooper,Todd Phillips,"The Hangover Three buddies wake up from a bachelor party in Las Vegas, with no memory of the previous night and the bachelor missing. They make their way around the city in order to find their friend before his wedding. Zach Galifianakis Bradley Cooper Todd Phillips"
Skyfall,"James Bond's loyalty to M is tested when her past comes back to haunt her. When MI6 comes under attack, 007 must track down and destroy the threat, no matter how personal the cost.",Daniel Craig,Javier Bardem,Sam Mendes,"Skyfall James Bond's loyalty to M is tested when her past comes back to haunt her. When MI6 comes under attack, 007 must track down and destroy the threat, no matter how personal the cost. Daniel Craig Javier Bardem Sam Mendes"
Silver Linings Playbook,"After a stint in a mental institution, former teacher Pat Solitano moves back in with his parents and tries to reconcile with his ex-wife. Things get more challenging when Pat meets Tiffany, a mysterious girl with problems of her own.",Bradley Cooper,Jennifer Lawrence,David O. Russell,"Silver Linings Playbook After a stint in a mental institution, former teacher Pat Solitano moves back in with his parents and tries to reconcile with his ex-wife. Things get more challenging when Pat meets Tiffany, a mysterious girl with problems of her own. Bradley Cooper Jennifer Lawrence David O. Russell"
Argo,"Acting under the cover of a Hollywood producer scouting a location for a science fiction film, a CIA agent launches a dangerous operation to rescue six Americans in Tehran during the U.S. hostage crisis in Iran in 1979.",Ben Affleck,Bryan Cranston,Ben Affleck,"Argo Acting under the cover of a Hollywood producer scouting a location for a science fiction film, a CIA agent launches a dangerous operation to rescue six Americans in Tehran during the U.S. hostage crisis in Iran in 1979. Ben Affleck Bryan Cranston Ben Affleck"
(500) Days of Summer,"An offbeat romantic comedy about a woman who doesn't believe true love exists, and the young man who falls for her.",Zooey Deschanel,Joseph Gordon-Levitt,Marc Webb,"(500) Days of Summer An offbeat romantic comedy about a woman who doesn't believe true love exists, and the young man who falls for her. Zooey Deschanel Joseph Gordon-Levitt Marc Webb"
Harry Potter and the Deathly Hallows: Part 1,"As Harry, Ron, and Hermione race against time and evil to destroy the Horcruxes, they uncover the existence of the three most powerful objects in the wizarding world: the Deathly Hallows.",Daniel Radcliffe,Emma Watson,David Yates,"Harry Potter and the Deathly Hallows: Part 1 As Harry, Ron, and Hermione race against time and evil to destroy the Horcruxes, they uncover the existence of the three most powerful objects in the wizarding world: the Deathly Hallows. Daniel Radcliffe Emma Watson David Yates"
Gake no ue no Ponyo,"A five-year-old boy develops a relationship with Ponyo, a young goldfish princess who longs to become a human after falling in love with him.",Cate Blanchett,Matt Damon,Hayao Miyazaki,"Gake no ue no Ponyo A five-year-old boy develops a relationship with Ponyo, a young goldfish princess who longs to become a human after falling in love with him. Cate Blanchett Matt Damon Hayao Miyazaki"
Frost/Nixon,A dramatic retelling of the post-Watergate television interviews between British talk-show host David Frost and former president Richard Nixon.,Frank Langella,Michael Sheen,Ron Howard,Frost/Nixon A dramatic retelling of the post-Watergate television interviews between British talk-show host David Frost and former president Richard Nixon. Frank Langella Michael Sheen Ron Howard
Papurika,"When a machine that allows therapists to enter their patients' dreams is stolen, all Hell breaks loose. Only a young female therapist, Paprika, can stop it.",Megumi Hayashibara,Tôru Emori,Satoshi Kon,"Papurika When a machine that allows therapists to enter their patients' dreams is stolen, all Hell breaks loose. Only a young female therapist, Paprika, can stop it. Megumi Hayashibara Tôru Emori Satoshi Kon"
Changeling,Grief-stricken mother Christine Collins (Angelina Jolie) takes on the L.A.P.D. to her own detriment when it tries to pass off an obvious impostor as her missing child.,Angelina Jolie,Colm Feore,Clint Eastwood,Changeling Grief-stricken mother Christine Collins (Angelina Jolie) takes on the L.A.P.D. to her own detriment when it tries to pass off an obvious impostor as her missing child. Angelina Jolie Colm Feore Clint Eastwood
Flipped,Two eighth-graders start to have feelings for each other despite being total opposites.,Madeline Carroll,Callan McAuliffe,Rob Reiner,Flipped Two eighth-graders start to have feelings for each other despite being total opposites. Madeline Carroll Callan McAuliffe Rob Reiner
Toki o kakeru shôjo,"A high-school girl named Makoto acquires the power to travel back in time, and decides to use it for her own personal benefits. Little does she know that she is affecting the lives of others just as much as she is her own.",Riisa Naka,Takuya Ishida,Mamoru Hosoda,"Toki o kakeru shôjo A high-school girl named Makoto acquires the power to travel back in time, and decides to use it for her own personal benefits. Little does she know that she is affecting the lives of others just as much as she is her own. Riisa Naka Takuya Ishida Mamoru Hosoda"
Death Note: Desu nôto,"A battle between the world's two greatest minds begins when Light Yagami finds the Death Note, a notebook with the power to kill, and decides to rid the world of criminals.",Tatsuya Fujiwara,Ken'ichi Matsuyama,Shûsuke Kaneko,"Death Note: Desu nôto A battle between the world's two greatest minds begins when Light Yagami finds the Death Note, a notebook with the power to kill, and decides to rid the world of criminals. Tatsuya Fujiwara Ken'ichi Matsuyama Shûsuke Kaneko"
This Is England,"A young boy becomes friends with a gang of skinheads. Friends soon become like family, and relationships will be pushed to the very limit.",Thomas Turgoose,Stephen Graham,Shane Meadows,"This Is England A young boy becomes friends with a gang of skinheads. Friends soon become like family, and relationships will be pushed to the very limit. Thomas Turgoose Stephen Graham Shane Meadows"
Ex Machina,A young programmer is selected to participate in a ground-breaking experiment in synthetic intelligence by evaluating the human qualities of a highly advanced humanoid A.I.,Alicia Vikander,Domhnall Gleeson,Alex Garland,Ex Machina A young programmer is selected to participate in a ground-breaking experiment in synthetic intelligence by evaluating the human qualities of a highly advanced humanoid A.I. Alicia Vikander Domhnall Gleeson Alex Garland
Efter brylluppet,"A manager of an orphanage in India is sent to Copenhagen, Denmark, where he discovers a life-altering family secret.",Mads Mikkelsen,Sidse Babett Knudsen,Susanne Bier,"Efter brylluppet A manager of an orphanage in India is sent to Copenhagen, Denmark, where he discovers a life-altering family secret. Mads Mikkelsen Sidse Babett Knudsen Susanne Bier"
The Last King of Scotland,Based on the events of the brutal Ugandan dictator Idi Amin's regime as seen by his personal physician during the 1970s.,James McAvoy,Forest Whitaker,Kevin Macdonald,The Last King of Scotland Based on the events of the brutal Ugandan dictator Idi Amin's regime as seen by his personal physician during the 1970s. James McAvoy Forest Whitaker Kevin Macdonald
Zodiac,"In the late 1960s/early 1970s, a San Francisco cartoonist becomes an amateur detective obsessed with tracking down the Zodiac Killer, an unidentified individual who terrorizes Northern California with a killing spree.",Jake Gyllenhaal,Robert Downey Jr.,David Fincher,"Zodiac In the late 1960s/early 1970s, a San Francisco cartoonist becomes an amateur detective obsessed with tracking down the Zodiac Killer, an unidentified individual who terrorizes Northern California with a killing spree. Jake Gyllenhaal Robert Downey Jr. David Fincher"
Lucky Number Slevin,"A case of mistaken identity lands Slevin into the middle of a war being plotted by two of the city's most rival crime bosses. Under constant surveillance by Detective Brikowski and assassin Goodkat, he must get them before they get him.",Josh Hartnett,Ben Kingsley,Paul McGuigan,"Lucky Number Slevin A case of mistaken identity lands Slevin into the middle of a war being plotted by two of the city's most rival crime bosses. Under constant surveillance by Detective Brikowski and assassin Goodkat, he must get them before they get him. Josh Hartnett Ben Kingsley Paul McGuigan"
Joyeux Noël,"In December 1914, an unofficial Christmas truce on the Western Front allows soldiers from opposing sides of the First World War to gain insight into each other's way of life.",Diane Kruger,Benno Fürmann,Christian Carion,"Joyeux Noël In December 1914, an unofficial Christmas truce on the Western Front allows soldiers from opposing sides of the First World War to gain insight into each other's way of life. Diane Kruger Benno Fürmann Christian Carion"
Control,"A profile of Ian Curtis, the enigmatic singer of Joy Division whose personal, professional, and romantic troubles led him to commit suicide at the age of 23.",Sam Riley,Samantha Morton,Anton Corbijn,"Control A profile of Ian Curtis, the enigmatic singer of Joy Division whose personal, professional, and romantic troubles led him to commit suicide at the age of 23. Sam Riley Samantha Morton Anton Corbijn"
Tangled,"The magically long-haired Rapunzel has spent her entire life in a tower, but now that a runaway thief has stumbled upon her, she is about to discover the world for the first time, and who she really is.",Byron Howard,Mandy Moore,Nathan Greno,"Tangled The magically long-haired Rapunzel has spent her entire life in a tower, but now that a runaway thief has stumbled upon her, she is about to discover the world for the first time, and who she really is. Byron Howard Mandy Moore Nathan Greno"
Zwartboek,"In the Nazi-occupied Netherlands during World War II, a Jewish singer infiltrates the regional Gestapo headquarters for the Dutch resistance.",Carice van Houten,Sebastian Koch,Paul Verhoeven,"Zwartboek In the Nazi-occupied Netherlands during World War II, a Jewish singer infiltrates the regional Gestapo headquarters for the Dutch resistance. Carice van Houten Sebastian Koch Paul Verhoeven"
Brokeback Mountain,"The story of a forbidden and secretive relationship between two cowboys, and their lives over the years.",Jake Gyllenhaal,Heath Ledger,Ang Lee,"Brokeback Mountain The story of a forbidden and secretive relationship between two cowboys, and their lives over the years. Jake Gyllenhaal Heath Ledger Ang Lee"
3:10 to Yuma,A small-time rancher agrees to hold a captured outlaw who's awaiting a train to go to court in Yuma. A battle of wills ensues as the outlaw tries to psych out the rancher.,Russell Crowe,Christian Bale,James Mangold,3:10 to Yuma A small-time rancher agrees to hold a captured outlaw who's awaiting a train to go to court in Yuma. A battle of wills ensues as the outlaw tries to psych out the rancher. Russell Crowe Christian Bale James Mangold
Crash,"Los Angeles citizens with vastly separate lives collide in interweaving stories of race, loss and redemption.",Don Cheadle,Sandra Bullock,Paul Haggis,"Crash Los Angeles citizens with vastly separate lives collide in interweaving stories of race, loss and redemption. Don Cheadle Sandra Bullock Paul Haggis"
Kung fu,"In Shanghai, China in the 1940s, a wannabe gangster aspires to join the notorious ""Axe Gang"" while residents of a housing complex exhibit extraordinary powers in defending their turf.",Stephen Chow,Wah Yuen,Stephen Chow,"Kung fu In Shanghai, China in the 1940s, a wannabe gangster aspires to join the notorious ""Axe Gang"" while residents of a housing complex exhibit extraordinary powers in defending their turf. Stephen Chow Wah Yuen Stephen Chow"
The Bourne Supremacy,"When Jason Bourne is framed for a CIA operation gone awry, he is forced to resume his former life as a trained assassin to survive.",Matt Damon,Franka Potente,Paul Greengrass,"The Bourne Supremacy When Jason Bourne is framed for a CIA operation gone awry, he is forced to resume his former life as a trained assassin to survive. Matt Damon Franka Potente Paul Greengrass"
The Machinist,An industrial worker who hasn't slept in a year begins to doubt his own sanity.,Christian Bale,Jennifer Jason Leigh,Brad Anderson,The Machinist An industrial worker who hasn't slept in a year begins to doubt his own sanity. Christian Bale Jennifer Jason Leigh Brad Anderson
Ray,"The story of the life and career of the legendary rhythm and blues musician Ray Charles, from his humble beginnings in the South, where he went blind at age seven, to his meteoric rise to stardom during the 1950s and 1960s.",Jamie Foxx,Regina King,Taylor Hackford,"Ray The story of the life and career of the legendary rhythm and blues musician Ray Charles, from his humble beginnings in the South, where he went blind at age seven, to his meteoric rise to stardom during the 1950s and 1960s. Jamie Foxx Regina King Taylor Hackford"
Lost in Translation,A faded movie star and a neglected young woman form an unlikely bond after crossing paths in Tokyo.,Bill Murray,Scarlett Johansson,Sofia Coppola,Lost in Translation A faded movie star and a neglected young woman form an unlikely bond after crossing paths in Tokyo. Bill Murray Scarlett Johansson Sofia Coppola
Harry Potter and the Goblet of Fire,"Harry Potter finds himself competing in a hazardous tournament between rival schools of magic, but he is distracted by recurring nightmares.",Daniel Radcliffe,Emma Watson,Mike Newell,"Harry Potter and the Goblet of Fire Harry Potter finds himself competing in a hazardous tournament between rival schools of magic, but he is distracted by recurring nightmares. Daniel Radcliffe Emma Watson Mike Newell"
Man on Fire,"In Mexico City, a former CIA operative swears vengeance on those who committed an unspeakable act against the family he was hired to protect.",Denzel Washington,Christopher Walken,Tony Scott,"Man on Fire In Mexico City, a former CIA operative swears vengeance on those who committed an unspeakable act against the family he was hired to protect. Denzel Washington Christopher Walken Tony Scott"
Coraline,"An adventurous 11-year-old girl finds another world that is a strangely idealized version of her frustrating home, but it has sinister secrets.",Dakota Fanning,Teri Hatcher,Henry Selick,"Coraline An adventurous 11-year-old girl finds another world that is a strangely idealized version of her frustrating home, but it has sinister secrets. Dakota Fanning Teri Hatcher Henry Selick"
The Last Samurai,An American military advisor embraces the Samurai culture he was hired to destroy after he is captured in battle.,Tom Cruise,Ken Watanabe,Edward Zwick,The Last Samurai An American military advisor embraces the Samurai culture he was hired to destroy after he is captured in battle. Tom Cruise Ken Watanabe Edward Zwick
The Magdalene Sisters,Three young Irish women struggle to maintain their spirits while they endure dehumanizing abuse as inmates of a Magdalene Sisters Asylum.,Eileen Walsh,Dorothy Duffy,Peter Mullan,The Magdalene Sisters Three young Irish women struggle to maintain their spirits while they endure dehumanizing abuse as inmates of a Magdalene Sisters Asylum. Eileen Walsh Dorothy Duffy Peter Mullan
Good Bye Lenin!,"In 1990, to protect his fragile mother from a fatal shock after a long coma, a young man must keep her from learning that her beloved nation of East Germany as she knew it has disappeared.",Daniel Brühl,Katrin Saß,Wolfgang Becker,"Good Bye Lenin! In 1990, to protect his fragile mother from a fatal shock after a long coma, a young man must keep her from learning that her beloved nation of East Germany as she knew it has disappeared. Daniel Brühl Katrin Saß Wolfgang Becker"
In America,A family of Irish immigrants adjust to life on the mean streets of Hell's Kitchen while also grieving the death of a child.,Paddy Considine,Samantha Morton,Jim Sheridan,In America A family of Irish immigrants adjust to life on the mean streets of Hell's Kitchen while also grieving the death of a child. Paddy Considine Samantha Morton Jim Sheridan
I Am Sam,A mentally handicapped man fights for custody of his 7-year-old daughter and in the process teaches his cold-hearted lawyer the value of love and family.,Sean Penn,Michelle Pfeiffer,Jessie Nelson,I Am Sam A mentally handicapped man fights for custody of his 7-year-old daughter and in the process teaches his cold-hearted lawyer the value of love and family. Sean Penn Michelle Pfeiffer Jessie Nelson
Adaptation.,A lovelorn screenwriter becomes desperate as he tries and fails to adapt 'The Orchid Thief' by Susan Orlean for the screen.,Nicolas Cage,Meryl Streep,Spike Jonze,Adaptation. A lovelorn screenwriter becomes desperate as he tries and fails to adapt 'The Orchid Thief' by Susan Orlean for the screen. Nicolas Cage Meryl Streep Spike Jonze
Black Hawk Down,160 elite U.S. soldiers drop into Somalia to capture two top lieutenants of a renegade warlord and find themselves in a desperate battle with a large force of heavily-armed Somalis.,Josh Hartnett,Ewan McGregor,Ridley Scott,Black Hawk Down 160 elite U.S. soldiers drop into Somalia to capture two top lieutenants of a renegade warlord and find themselves in a desperate battle with a large force of heavily-armed Somalis. Josh Hartnett Ewan McGregor Ridley Scott
Road to Perdition,"A mob enforcer's son witnesses a murder, forcing him and his father to take to the road, and his father down a path of redemption and revenge.",Tom Hanks,Tyler Hoechlin,Sam Mendes,"Road to Perdition A mob enforcer's son witnesses a murder, forcing him and his father to take to the road, and his father down a path of redemption and revenge. Tom Hanks Tyler Hoechlin Sam Mendes"
Das Experiment,"For two weeks, 20 male participants are hired to play prisoners and guards in a prison. The ""prisoners"" have to follow seemingly mild rules, and the ""guards"" are told to retain order without using physical violence.",Moritz Bleibtreu,Christian Berkel,Oliver Hirschbiegel,"Das Experiment For two weeks, 20 male participants are hired to play prisoners and guards in a prison. The ""prisoners"" have to follow seemingly mild rules, and the ""guards"" are told to retain order without using physical violence. Moritz Bleibtreu Christian Berkel Oliver Hirschbiegel"
Billy Elliot,A talented young boy becomes torn between his unexpected love of dance and the disintegration of his family.,Jamie Bell,Julie Walters,Stephen Daldry,Billy Elliot A talented young boy becomes torn between his unexpected love of dance and the disintegration of his family. Jamie Bell Julie Walters Stephen Daldry
Hedwig and the Angry Inch,A gender-queer punk-rock singer from East Berlin tours the U.S. with her band as she tells her life story and follows the former lover/band-mate who stole her songs.,John Cameron Mitchell,Miriam Shor,John Cameron Mitchell,Hedwig and the Angry Inch A gender-queer punk-rock singer from East Berlin tours the U.S. with her band as she tells her life story and follows the former lover/band-mate who stole her songs. John Cameron Mitchell Miriam Shor John Cameron Mitchell
Ocean's Eleven,Danny Ocean and his ten accomplices plan to rob three Las Vegas casinos simultaneously.,George Clooney,Brad Pitt,Steven Soderbergh,Ocean's Eleven Danny Ocean and his ten accomplices plan to rob three Las Vegas casinos simultaneously. George Clooney Brad Pitt Steven Soderbergh
Vampire Hunter D: Bloodlust,"When a girl is abducted by a vampire, a legendary bounty hunter is hired to bring her back.",Andrew Philpot,John Rafter Lee,Yoshiaki Kawajiri,"Vampire Hunter D: Bloodlust When a girl is abducted by a vampire, a legendary bounty hunter is hired to bring her back. Andrew Philpot John Rafter Lee Yoshiaki Kawajiri"
"O Brother, Where Art Thou?","In the deep south during the 1930s, three escaped convicts search for hidden treasure while a relentless lawman pursues them.",Ethan Coen,George Clooney,Joel Coen,"O Brother, Where Art Thou? In the deep south during the 1930s, three escaped convicts search for hidden treasure while a relentless lawman pursues them. Ethan Coen George Clooney Joel Coen"
Interstate 60: Episodes of the Road,"Neal Oliver, a very confused young man and an artist, takes a journey of a lifetime on a highway I60 that doesn't exist on any of the maps, going to the places he never even heard of, searching for an answer and his dreamgirl.",James Marsden,Gary Oldman,Bob Gale,"Interstate 60: Episodes of the Road Neal Oliver, a very confused young man and an artist, takes a journey of a lifetime on a highway I60 that doesn't exist on any of the maps, going to the places he never even heard of, searching for an answer and his dreamgirl. James Marsden Gary Oldman Bob Gale"
"South Park: Bigger, Longer & Uncut","When Stan Marsh and his friends go see an R-rated movie, they start cursing and their parents think that Canada is to blame.",Trey Parker,Matt Stone,Trey Parker,"South Park: Bigger, Longer & Uncut When Stan Marsh and his friends go see an R-rated movie, they start cursing and their parents think that Canada is to blame. Trey Parker Matt Stone Trey Parker"
Office Space,Three company workers who hate their jobs decide to rebel against their greedy boss.,Ron Livingston,Jennifer Aniston,Mike Judge,Office Space Three company workers who hate their jobs decide to rebel against their greedy boss. Ron Livingston Jennifer Aniston Mike Judge
Happiness,"The lives of several individuals intertwine as they go about their lives in their own unique ways, engaging in acts society as a whole might find disturbing in a desperate search for human connection.",Jane Adams,Jon Lovitz,Todd Solondz,"Happiness The lives of several individuals intertwine as they go about their lives in their own unique ways, engaging in acts society as a whole might find disturbing in a desperate search for human connection. Jane Adams Jon Lovitz Todd Solondz"
Training Day,A rookie cop spends his first day as a Los Angeles narcotics officer with a rogue detective who isn't what he appears to be.,Denzel Washington,Ethan Hawke,Antoine Fuqua,Training Day A rookie cop spends his first day as a Los Angeles narcotics officer with a rogue detective who isn't what he appears to be. Denzel Washington Ethan Hawke Antoine Fuqua
Rushmore,The extracurricular king of Rushmore Preparatory School is put on academic probation.,Jason Schwartzman,Bill Murray,Wes Anderson,Rushmore The extracurricular king of Rushmore Preparatory School is put on academic probation. Jason Schwartzman Bill Murray Wes Anderson
Abre los ojos,"A very handsome man finds the love of his life, but he suffers an accident and needs to have his face rebuilt by surgery after it is severely disfigured.",Eduardo Noriega,Penélope Cruz,Alejandro Amenábar,"Abre los ojos A very handsome man finds the love of his life, but he suffers an accident and needs to have his face rebuilt by surgery after it is severely disfigured. Eduardo Noriega Penélope Cruz Alejandro Amenábar"
Being John Malkovich,A puppeteer discovers a portal that leads literally into the head of movie star John Malkovich.,John Cusack,Cameron Diaz,Spike Jonze,Being John Malkovich A puppeteer discovers a portal that leads literally into the head of movie star John Malkovich. John Cusack Cameron Diaz Spike Jonze
As Good as It Gets,"A single mother and waitress, a misanthropic author, and a gay artist form an unlikely friendship after the artist is assaulted in a robbery.",Jack Nicholson,Helen Hunt,James L. Brooks,"As Good as It Gets A single mother and waitress, a misanthropic author, and a gay artist form an unlikely friendship after the artist is assaulted in a robbery. Jack Nicholson Helen Hunt James L. Brooks"
The Fifth Element,"In the colorful future, a cab driver unwittingly becomes the central figure in the search for a legendary cosmic weapon to keep Evil and Mr. Zorg at bay.",Bruce Willis,Milla Jovovich,Luc Besson,"The Fifth Element In the colorful future, a cab driver unwittingly becomes the central figure in the search for a legendary cosmic weapon to keep Evil and Mr. Zorg at bay. Bruce Willis Milla Jovovich Luc Besson"
Le dîner de cons,"A few friends have a weekly fools' dinner, where each brings a fool along. Pierre finds a champion fool for next dinner. Surprise.",Thierry Lhermitte,Jacques Villeret,Francis Veber,"Le dîner de cons A few friends have a weekly fools' dinner, where each brings a fool along. Pierre finds a champion fool for next dinner. Surprise. Thierry Lhermitte Jacques Villeret Francis Veber"
Donnie Brasco,"An FBI undercover agent infiltrates the mob and finds himself identifying more with the mafia life, at the expense of his regular one.",Al Pacino,Johnny Depp,Mike Newell,"Donnie Brasco An FBI undercover agent infiltrates the mob and finds himself identifying more with the mafia life, at the expense of his regular one. Al Pacino Johnny Depp Mike Newell"
Shine,"Pianist David Helfgott, driven by his father and teachers, has a breakdown. Years later he returns to the piano, to popular if not critical acclaim.",Geoffrey Rush,Armin Mueller-Stahl,Scott Hicks,"Shine Pianist David Helfgott, driven by his father and teachers, has a breakdown. Years later he returns to the piano, to popular if not critical acclaim. Geoffrey Rush Armin Mueller-Stahl Scott Hicks"
Primal Fear,"An altar boy is accused of murdering a priest, and the truth is buried several layers deep.",Richard Gere,Laura Linney,Gregory Hoblit,"Primal Fear An altar boy is accused of murdering a priest, and the truth is buried several layers deep. Richard Gere Laura Linney Gregory Hoblit"
Hamlet,"Hamlet, Prince of Denmark, returns home to find his father murdered and his mother remarrying the murderer, his uncle. Meanwhile, war is brewing.",Kenneth Branagh,Julie Christie,Kenneth Branagh,"Hamlet Hamlet, Prince of Denmark, returns home to find his father murdered and his mother remarrying the murderer, his uncle. Meanwhile, war is brewing. Kenneth Branagh Julie Christie Kenneth Branagh"
A Little Princess,A young girl is relegated to servitude at a boarding school when her father goes missing and is presumed dead.,Liesel Matthews,Eleanor Bron,Alfonso Cuarón,A Little Princess A young girl is relegated to servitude at a boarding school when her father goes missing and is presumed dead. Liesel Matthews Eleanor Bron Alfonso Cuarón
Do lok tin si,"This Hong Kong-set crime drama follows the lives of a hitman, hoping to get out of the business, and his elusive female partner.",Leon Lai,Michelle Reis,Kar-Wai Wong,"Do lok tin si This Hong Kong-set crime drama follows the lives of a hitman, hoping to get out of the business, and his elusive female partner. Leon Lai Michelle Reis Kar-Wai Wong"
Il postino,"A simple Italian postman learns to love poetry while delivering mail to a famous poet, and then uses this to woo local beauty Beatrice.",Massimo Troisi,Massimo Troisi,Michael Radford,"Il postino A simple Italian postman learns to love poetry while delivering mail to a famous poet, and then uses this to woo local beauty Beatrice. Massimo Troisi Massimo Troisi Michael Radford"
Clerks,"A day in the lives of two convenience clerks named Dante and Randal as they annoy customers, discuss movies, and play hockey on the store roof.",Brian O'Halloran,Jeff Anderson,Kevin Smith,"Clerks A day in the lives of two convenience clerks named Dante and Randal as they annoy customers, discuss movies, and play hockey on the store roof. Brian O'Halloran Jeff Anderson Kevin Smith"
Short Cuts,The day-to-day lives of several suburban Los Angeles residents.,Andie MacDowell,Julianne Moore,Robert Altman,Short Cuts The day-to-day lives of several suburban Los Angeles residents. Andie MacDowell Julianne Moore Robert Altman
Philadelphia,"When a man with HIV is fired by his law firm because of his condition, he hires a homophobic small time lawyer as the only willing advocate for a wrongful dismissal suit.",Tom Hanks,Denzel Washington,Jonathan Demme,"Philadelphia When a man with HIV is fired by his law firm because of his condition, he hires a homophobic small time lawyer as the only willing advocate for a wrongful dismissal suit. Tom Hanks Denzel Washington Jonathan Demme"
The Muppet Christmas Carol,The Muppet characters tell their version of the classic tale of an old and bitter miser's redemption on Christmas Eve.,Michael Caine,Kermit the Frog,Brian Henson,The Muppet Christmas Carol The Muppet characters tell their version of the classic tale of an old and bitter miser's redemption on Christmas Eve. Michael Caine Kermit the Frog Brian Henson
Malcolm X,"Biographical epic of the controversial and influential Black Nationalist leader, from his early life and career as a small-time gangster, to his ministry as a member of the Nation of Islam.",Denzel Washington,Angela Bassett,Spike Lee,"Malcolm X Biographical epic of the controversial and influential Black Nationalist leader, from his early life and career as a small-time gangster, to his ministry as a member of the Nation of Islam. Denzel Washington Angela Bassett Spike Lee"
The Last of the Mohicans,Three trappers protect the daughters of a British Colonel in the midst of the French and Indian War.,Daniel Day-Lewis,Madeleine Stowe,Michael Mann,The Last of the Mohicans Three trappers protect the daughters of a British Colonel in the midst of the French and Indian War. Daniel Day-Lewis Madeleine Stowe Michael Mann
Kurenai no buta,"In 1930s Italy, a veteran World War I pilot is cursed to look like an anthropomorphic pig.",Shûichirô Moriyama,Tokiko Katô,Hayao Miyazaki,"Kurenai no buta In 1930s Italy, a veteran World War I pilot is cursed to look like an anthropomorphic pig. Shûichirô Moriyama Tokiko Katô Hayao Miyazaki"
Glengarry Glen Ross,An examination of the machinations behind the scenes at a real estate office.,Al Pacino,Jack Lemmon,James Foley,Glengarry Glen Ross An examination of the machinations behind the scenes at a real estate office. Al Pacino Jack Lemmon James Foley
A Few Good Men,Military lawyer Lieutenant Daniel Kaffee defends Marines accused of murder. They contend they were acting under orders.,Tom Cruise,Jack Nicholson,Rob Reiner,A Few Good Men Military lawyer Lieutenant Daniel Kaffee defends Marines accused of murder. They contend they were acting under orders. Tom Cruise Jack Nicholson Rob Reiner
Fried Green Tomatoes,A housewife who is unhappy with her life befriends an old lady in a nursing home and is enthralled by the tales she tells of people she used to know.,Kathy Bates,Jessica Tandy,Jon Avnet,Fried Green Tomatoes A housewife who is unhappy with her life befriends an old lady in a nursing home and is enthralled by the tales she tells of people she used to know. Kathy Bates Jessica Tandy Jon Avnet
Barton Fink,A renowned New York playwright is enticed to California to write for the movies and discovers the hellish truth of Hollywood.,Ethan Coen,John Turturro,Joel Coen,Barton Fink A renowned New York playwright is enticed to California to write for the movies and discovers the hellish truth of Hollywood. Ethan Coen John Turturro Joel Coen
Miller's Crossing,"Tom Reagan, an advisor to a Prohibition-era crime boss, tries to keep the peace between warring mobs but gets caught in divided loyalties.",Ethan Coen,Gabriel Byrne,Joel Coen,"Miller's Crossing Tom Reagan, an advisor to a Prohibition-era crime boss, tries to keep the peace between warring mobs but gets caught in divided loyalties. Ethan Coen Gabriel Byrne Joel Coen"
Who Framed Roger Rabbit,A toon-hating detective is a cartoon rabbit's only hope to prove his innocence when he is accused of murder.,Bob Hoskins,Christopher Lloyd,Robert Zemeckis,Who Framed Roger Rabbit A toon-hating detective is a cartoon rabbit's only hope to prove his innocence when he is accused of murder. Bob Hoskins Christopher Lloyd Robert Zemeckis
Spoorloos,"Rex and Saskia, a young couple in love, are on vacation. They stop at a busy service station and Saskia is abducted. After three years and no sign of Saskia, Rex begins receiving letters from the abductor.",Bernard-Pierre Donnadieu,Gene Bervoets,George Sluizer,"Spoorloos Rex and Saskia, a young couple in love, are on vacation. They stop at a busy service station and Saskia is abducted. After three years and no sign of Saskia, Rex begins receiving letters from the abductor. Bernard-Pierre Donnadieu Gene Bervoets George Sluizer"
Withnail & I,"In 1969, two substance-abusing, unemployed actors retreat to the countryside for a holiday that proves disastrous.",Richard E. Grant,Paul McGann,Bruce Robinson,"Withnail & I In 1969, two substance-abusing, unemployed actors retreat to the countryside for a holiday that proves disastrous. Richard E. Grant Paul McGann Bruce Robinson"
The Last Emperor,The story of the final Emperor of China.,John Lone,Joan Chen,Bernardo Bertolucci,The Last Emperor The story of the final Emperor of China. John Lone Joan Chen Bernardo Bertolucci
Empire of the Sun,A young English boy struggles to survive under Japanese occupation during World War II.,Christian Bale,John Malkovich,Steven Spielberg,Empire of the Sun A young English boy struggles to survive under Japanese occupation during World War II. Christian Bale John Malkovich Steven Spielberg
Der Name der Rose,An intellectually nonconformist friar investigates a series of mysterious deaths in an isolated abbey.,Sean Connery,Christian Slater,Jean-Jacques Annaud,Der Name der Rose An intellectually nonconformist friar investigates a series of mysterious deaths in an isolated abbey. Sean Connery Christian Slater Jean-Jacques Annaud
Blue Velvet,"The discovery of a severed human ear found in a field leads a young man on an investigation related to a beautiful, mysterious nightclub singer and a group of psychopathic criminals who have kidnapped her child.",Isabella Rossellini,Kyle MacLachlan,David Lynch,"Blue Velvet The discovery of a severed human ear found in a field leads a young man on an investigation related to a beautiful, mysterious nightclub singer and a group of psychopathic criminals who have kidnapped her child. Isabella Rossellini Kyle MacLachlan David Lynch"
The Purple Rose of Cairo,"In New Jersey in 1935, a movie character walks off the screen and into the real world.",Mia Farrow,Jeff Daniels,Woody Allen,"The Purple Rose of Cairo In New Jersey in 1935, a movie character walks off the screen and into the real world. Mia Farrow Jeff Daniels Woody Allen"
After Hours,An ordinary word processor has the worst night of his life after he agrees to visit a girl in Soho who he met that evening at a coffee shop.,Griffin Dunne,Rosanna Arquette,Martin Scorsese,After Hours An ordinary word processor has the worst night of his life after he agrees to visit a girl in Soho who he met that evening at a coffee shop. Griffin Dunne Rosanna Arquette Martin Scorsese
Zelig,"""Documentary"" about a man who can look and act like whoever he's around, and meets various famous people.",Woody Allen,Mia Farrow,Woody Allen,"Zelig ""Documentary"" about a man who can look and act like whoever he's around, and meets various famous people. Woody Allen Mia Farrow Woody Allen"
The Verdict,A lawyer sees the chance to salvage his career and self-respect by taking a medical malpractice case to trial rather than settling.,Paul Newman,Charlotte Rampling,Sidney Lumet,The Verdict A lawyer sees the chance to salvage his career and self-respect by taking a medical malpractice case to trial rather than settling. Paul Newman Charlotte Rampling Sidney Lumet
Star Trek II: The Wrath of Khan,"With the assistance of the Enterprise crew, Admiral Kirk must stop an old nemesis, Khan Noonien Singh, from using the life-generating Genesis Device as the ultimate weapon.",William Shatner,Leonard Nimoy,Nicholas Meyer,"Star Trek II: The Wrath of Khan With the assistance of the Enterprise crew, Admiral Kirk must stop an old nemesis, Khan Noonien Singh, from using the life-generating Genesis Device as the ultimate weapon. William Shatner Leonard Nimoy Nicholas Meyer"
First Blood,A veteran Green Beret is forced by a cruel Sheriff and his deputies to flee into the mountains and wage an escalating one-man war against his pursuers.,Sylvester Stallone,Brian Dennehy,Ted Kotcheff,First Blood A veteran Green Beret is forced by a cruel Sheriff and his deputies to flee into the mountains and wage an escalating one-man war against his pursuers. Sylvester Stallone Brian Dennehy Ted Kotcheff
Ordinary People,"The accidental death of the older son of an affluent family deeply strains the relationships among the bitter mother, the good-natured father, and the guilt-ridden younger son.",Donald Sutherland,Mary Tyler Moore,Robert Redford,"Ordinary People The accidental death of the older son of an affluent family deeply strains the relationships among the bitter mother, the good-natured father, and the guilt-ridden younger son. Donald Sutherland Mary Tyler Moore Robert Redford"
Airplane!,A man afraid to fly must ensure that a plane lands safely after the pilots become sick.,David Zucker,Jerry Zucker,Jim Abrahams,Airplane! A man afraid to fly must ensure that a plane lands safely after the pilots become sick. David Zucker Jerry Zucker Jim Abrahams
Rupan sansei: Kariosutoro no shiro,"A dashing thief, his gang of desperadoes and an intrepid policeman struggle to free a princess from an evil count's clutches, and learn the hidden secret to a fabulous treasure that she holds part of a key to.",Yasuo Yamada,Eiko Masuyama,Hayao Miyazaki,"Rupan sansei: Kariosutoro no shiro A dashing thief, his gang of desperadoes and an intrepid policeman struggle to free a princess from an evil count's clutches, and learn the hidden secret to a fabulous treasure that she holds part of a key to. Yasuo Yamada Eiko Masuyama Hayao Miyazaki"
Halloween,"Fifteen years after murdering his sister on Halloween night 1963, Michael Myers escapes from a mental hospital and returns to the small town of Haddonfield, Illinois to kill again.",Donald Pleasence,Jamie Lee Curtis,John Carpenter,"Halloween Fifteen years after murdering his sister on Halloween night 1963, Michael Myers escapes from a mental hospital and returns to the small town of Haddonfield, Illinois to kill again. Donald Pleasence Jamie Lee Curtis John Carpenter"
Le locataire,A bureaucrat rents a Paris apartment where he finds himself drawn into a rabbit hole of dangerous paranoia.,Roman Polanski,Isabelle Adjani,Roman Polanski,Le locataire A bureaucrat rents a Paris apartment where he finds himself drawn into a rabbit hole of dangerous paranoia. Roman Polanski Isabelle Adjani Roman Polanski
Love and Death,"In czarist Russia, a neurotic soldier and his distant cousin formulate a plot to assassinate Napoleon.",Woody Allen,Diane Keaton,Woody Allen,"Love and Death In czarist Russia, a neurotic soldier and his distant cousin formulate a plot to assassinate Napoleon. Woody Allen Diane Keaton Woody Allen"
The Taking of Pelham One Two Three,"In New York, armed men hijack a subway car and demand a ransom for the passengers. Even if it's paid, how could they get away?",Walter Matthau,Robert Shaw,Joseph Sargent,"The Taking of Pelham One Two Three In New York, armed men hijack a subway car and demand a ransom for the passengers. Even if it's paid, how could they get away? Walter Matthau Robert Shaw Joseph Sargent"
Blazing Saddles,"In order to ruin a western town, a corrupt politician appoints a black Sheriff, who promptly becomes his most formidable adversary.",Cleavon Little,Gene Wilder,Mel Brooks,"Blazing Saddles In order to ruin a western town, a corrupt politician appoints a black Sheriff, who promptly becomes his most formidable adversary. Cleavon Little Gene Wilder Mel Brooks"
Serpico,An honest New York cop named Frank Serpico blows the whistle on rampant corruption in the force only to have his comrades turn against him.,Al Pacino,John Randolph,Sidney Lumet,Serpico An honest New York cop named Frank Serpico blows the whistle on rampant corruption in the force only to have his comrades turn against him. Al Pacino John Randolph Sidney Lumet
Enter the Dragon,A secret agent comes to an opium lord's island fortress with other fighters for a martial-arts tournament.,Bruce Lee,John Saxon,Robert Clouse,Enter the Dragon A secret agent comes to an opium lord's island fortress with other fighters for a martial-arts tournament. Bruce Lee John Saxon Robert Clouse
Deliverance,"Intent on seeing the Cahulawassee River before it's dammed and turned into a lake, outdoor fanatic Lewis Medlock takes his friends on a canoeing trip they'll never forget into the dangerous American back-country.",Jon Voight,Burt Reynolds,John Boorman,"Deliverance Intent on seeing the Cahulawassee River before it's dammed and turned into a lake, outdoor fanatic Lewis Medlock takes his friends on a canoeing trip they'll never forget into the dangerous American back-country. Jon Voight Burt Reynolds John Boorman"
The French Connection,A pair of NYC cops in the Narcotics Bureau stumble onto a drug smuggling job with a French connection.,Gene Hackman,Roy Scheider,William Friedkin,The French Connection A pair of NYC cops in the Narcotics Bureau stumble onto a drug smuggling job with a French connection. Gene Hackman Roy Scheider William Friedkin
Dirty Harry,"When a madman calling himself ""the Scorpio Killer"" menaces the city, tough-as-nails San Francisco Police Inspector ""Dirty"" Harry Callahan is assigned to track down and ferret out the crazed psychopath.",Clint Eastwood,Andrew Robinson,Don Siegel,"Dirty Harry When a madman calling himself ""the Scorpio Killer"" menaces the city, tough-as-nails San Francisco Police Inspector ""Dirty"" Harry Callahan is assigned to track down and ferret out the crazed psychopath. Clint Eastwood Andrew Robinson Don Siegel"
Where Eagles Dare,"Allied agents stage a daring raid on a castle where the Nazis are holding American brigadier general George Carnaby prisoner, but that's not all that's really going on.",Richard Burton,Clint Eastwood,Brian G. Hutton,"Where Eagles Dare Allied agents stage a daring raid on a castle where the Nazis are holding American brigadier general George Carnaby prisoner, but that's not all that's really going on. Richard Burton Clint Eastwood Brian G. Hutton"
The Odd Couple,"Two friends try sharing an apartment, but their ideas of housekeeping and lifestyles are as different as night and day.",Jack Lemmon,Walter Matthau,Gene Saks,"The Odd Couple Two friends try sharing an apartment, but their ideas of housekeeping and lifestyles are as different as night and day. Jack Lemmon Walter Matthau Gene Saks"
The Dirty Dozen,"During World War II, a rebellious U.S. Army Major is assigned a dozen convicted murderers to train and lead them into a mass assassination mission of German officers.",Lee Marvin,Ernest Borgnine,Robert Aldrich,"The Dirty Dozen During World War II, a rebellious U.S. Army Major is assigned a dozen convicted murderers to train and lead them into a mass assassination mission of German officers. Lee Marvin Ernest Borgnine Robert Aldrich"
Belle de jour,A frigid young housewife decides to spend her midweek afternoons as a prostitute.,Catherine Deneuve,Jean Sorel,Luis Buñuel,Belle de jour A frigid young housewife decides to spend her midweek afternoons as a prostitute. Catherine Deneuve Jean Sorel Luis Buñuel
A Man for All Seasons,"The story of Sir Thomas More, who stood up to King Henry VIII when the King rejected the Roman Catholic Church to obtain a divorce and remarry.",Paul Scofield,Wendy Hiller,Fred Zinnemann,"A Man for All Seasons The story of Sir Thomas More, who stood up to King Henry VIII when the King rejected the Roman Catholic Church to obtain a divorce and remarry. Paul Scofield Wendy Hiller Fred Zinnemann"
Repulsion,A sex-repulsed woman who disapproves of her sister's boyfriend sinks into depression and has horrific visions of rape and violence.,Catherine Deneuve,Ian Hendry,Roman Polanski,Repulsion A sex-repulsed woman who disapproves of her sister's boyfriend sinks into depression and has horrific visions of rape and violence. Catherine Deneuve Ian Hendry Roman Polanski
Zulu,Outnumbered British soldiers do battle with Zulu warriors at Rorke's Drift.,Stanley Baker,Jack Hawkins,Cy Endfield,Zulu Outnumbered British soldiers do battle with Zulu warriors at Rorke's Drift. Stanley Baker Jack Hawkins Cy Endfield
Goldfinger,"While investigating a gold magnate's smuggling, James Bond uncovers a plot to contaminate the Fort Knox gold reserve.",Sean Connery,Gert Fröbe,Guy Hamilton,"Goldfinger While investigating a gold magnate's smuggling, James Bond uncovers a plot to contaminate the Fort Knox gold reserve. Sean Connery Gert Fröbe Guy Hamilton"
The Birds,A wealthy San Francisco socialite pursues a potential boyfriend to a small Northern California town that slowly takes a turn for the bizarre when birds of all kinds suddenly begin to attack people.,Rod Taylor,Tippi Hedren,Alfred Hitchcock,The Birds A wealthy San Francisco socialite pursues a potential boyfriend to a small Northern California town that slowly takes a turn for the bizarre when birds of all kinds suddenly begin to attack people. Rod Taylor Tippi Hedren Alfred Hitchcock
Cape Fear,A lawyer's family is stalked by a man he once helped put in jail.,Gregory Peck,Robert Mitchum,J. Lee Thompson,Cape Fear A lawyer's family is stalked by a man he once helped put in jail. Gregory Peck Robert Mitchum J. Lee Thompson
Peeping Tom,"A young man murders women, using a movie camera to film their dying expressions of terror.",Karlheinz Böhm,Anna Massey,Michael Powell,"Peeping Tom A young man murders women, using a movie camera to film their dying expressions of terror. Karlheinz Böhm Anna Massey Michael Powell"
The Magnificent Seven,Seven gunfighters are hired by Mexican peasants to liberate their village from oppressive bandits.,Yul Brynner,Steve McQueen,John Sturges,The Magnificent Seven Seven gunfighters are hired by Mexican peasants to liberate their village from oppressive bandits. Yul Brynner Steve McQueen John Sturges
Les yeux sans visage,"A surgeon causes an accident which leaves his daughter disfigured, and goes to extremes to give her a new face.",Pierre Brasseur,Alida Valli,Georges Franju,"Les yeux sans visage A surgeon causes an accident which leaves his daughter disfigured, and goes to extremes to give her a new face. Pierre Brasseur Alida Valli Georges Franju"
Invasion of the Body Snatchers,A small-town doctor learns that the population of his community is being replaced by emotionless alien duplicates.,Kevin McCarthy,Dana Wynter,Don Siegel,Invasion of the Body Snatchers A small-town doctor learns that the population of his community is being replaced by emotionless alien duplicates. Kevin McCarthy Dana Wynter Don Siegel
Rebel Without a Cause,"A rebellious young man with a troubled past comes to a new town, finding friends and enemies.",James Dean,Natalie Wood,Nicholas Ray,"Rebel Without a Cause A rebellious young man with a troubled past comes to a new town, finding friends and enemies. James Dean Natalie Wood Nicholas Ray"
The Ladykillers,Five oddball criminals planning a bank robbery rent rooms on a cul-de-sac from an octogenarian widow under the pretext that they are classical musicians.,Alec Guinness,Peter Sellers,Alexander Mackendrick,The Ladykillers Five oddball criminals planning a bank robbery rent rooms on a cul-de-sac from an octogenarian widow under the pretext that they are classical musicians. Alec Guinness Peter Sellers Alexander Mackendrick
Sabrina,"A playboy becomes interested in the daughter of his family's chauffeur, but it's his more serious brother who would be the better man for her.",Humphrey Bogart,Audrey Hepburn,Billy Wilder,"Sabrina A playboy becomes interested in the daughter of his family's chauffeur, but it's his more serious brother who would be the better man for her. Humphrey Bogart Audrey Hepburn Billy Wilder"
The Quiet Man,"A retired American boxer returns to the village of his birth in Ireland, where he falls for a spirited redhead whose brother is contemptuous of their union.",John Wayne,Maureen O'Hara,John Ford,"The Quiet Man A retired American boxer returns to the village of his birth in Ireland, where he falls for a spirited redhead whose brother is contemptuous of their union. John Wayne Maureen O'Hara John Ford"
The Day the Earth Stood Still,An alien lands and tells the people of Earth that they must live peacefully or be destroyed as a danger to other planets.,Michael Rennie,Patricia Neal,Robert Wise,The Day the Earth Stood Still An alien lands and tells the people of Earth that they must live peacefully or be destroyed as a danger to other planets. Michael Rennie Patricia Neal Robert Wise
The African Queen,"In WWI Africa, a gin-swilling riverboat captain is persuaded by a strait-laced missionary to use his boat to attack an enemy warship.",Humphrey Bogart,Katharine Hepburn,John Huston,"The African Queen In WWI Africa, a gin-swilling riverboat captain is persuaded by a strait-laced missionary to use his boat to attack an enemy warship. Humphrey Bogart Katharine Hepburn John Huston"
Gilda,A small-time gambler hired to work in a Buenos Aires casino discovers his employer's new wife is his former lover.,Rita Hayworth,Glenn Ford,Charles Vidor,Gilda A small-time gambler hired to work in a Buenos Aires casino discovers his employer's new wife is his former lover. Rita Hayworth Glenn Ford Charles Vidor
Fantasia,A collection of animated interpretations of great works of Western classical music.,Samuel Armstrong,Ford Beebe Jr.,James Algar,Fantasia A collection of animated interpretations of great works of Western classical music. Samuel Armstrong Ford Beebe Jr. James Algar
The Invisible Man,"A scientist finds a way of becoming invisible, but in doing so, he becomes murderously insane.",Claude Rains,Gloria Stuart,James Whale,"The Invisible Man A scientist finds a way of becoming invisible, but in doing so, he becomes murderously insane. Claude Rains Gloria Stuart James Whale"
Dark Waters,A corporate defense attorney takes on an environmental lawsuit against a chemical company that exposes a lengthy history of pollution.,Mark Ruffalo,Anne Hathaway,Todd Haynes,Dark Waters A corporate defense attorney takes on an environmental lawsuit against a chemical company that exposes a lengthy history of pollution. Mark Ruffalo Anne Hathaway Todd Haynes
Searching,"After his teenage daughter goes missing, a desperate father tries to find clues on her laptop.",John Cho,Debra Messing,Aneesh Chaganty,"Searching After his teenage daughter goes missing, a desperate father tries to find clues on her laptop. John Cho Debra Messing Aneesh Chaganty"
Once Upon a Time... in Hollywood,A faded television actor and his stunt double strive to achieve fame and success in the final years of Hollywood's Golden Age in 1969 Los Angeles.,Leonardo DiCaprio,Brad Pitt,Quentin Tarantino,Once Upon a Time... in Hollywood A faded television actor and his stunt double strive to achieve fame and success in the final years of Hollywood's Golden Age in 1969 Los Angeles. Leonardo DiCaprio Brad Pitt Quentin Tarantino
Nelyubov,A couple going through a divorce must team up to find their son who has disappeared during one of their bitter arguments.,Maryana Spivak,Aleksey Rozin,Andrey Zvyagintsev,Nelyubov A couple going through a divorce must team up to find their son who has disappeared during one of their bitter arguments. Maryana Spivak Aleksey Rozin Andrey Zvyagintsev
The Florida Project,"Set over one summer, the film follows precocious six-year-old Moonee as she courts mischief and adventure with her ragtag playmates and bonds with her rebellious but caring mother, all while living in the shadows of Walt Disney World.",Brooklynn Prince,Bria Vinaite,Sean Baker,"The Florida Project Set over one summer, the film follows precocious six-year-old Moonee as she courts mischief and adventure with her ragtag playmates and bonds with her rebellious but caring mother, all while living in the shadows of Walt Disney World. Brooklynn Prince Bria Vinaite Sean Baker"
Just Mercy,World-renowned civil rights defense attorney Bryan Stevenson works to free a wrongly condemned death row prisoner.,Michael B. Jordan,Jamie Foxx,Destin Daniel Cretton,Just Mercy World-renowned civil rights defense attorney Bryan Stevenson works to free a wrongly condemned death row prisoner. Michael B. Jordan Jamie Foxx Destin Daniel Cretton
Gifted,"Frank, a single man raising his child prodigy niece Mary, is drawn into a custody battle with his mother.",Chris Evans,Mckenna Grace,Marc Webb,"Gifted Frank, a single man raising his child prodigy niece Mary, is drawn into a custody battle with his mother. Chris Evans Mckenna Grace Marc Webb"
The Peanut Butter Falcon,Zak runs away from his care home to make his dream of becoming a wrestler come true.,Michael Schwartz,Zack Gottsagen,Tyler Nilson,The Peanut Butter Falcon Zak runs away from his care home to make his dream of becoming a wrestler come true. Michael Schwartz Zack Gottsagen Tyler Nilson
Victoria,A young Spanish woman who has recently moved to Berlin finds her flirtation with a local guy turn potentially deadly as their night out with his friends reveals a dangerous secret.,Laia Costa,Frederick Lau,Sebastian Schipper,Victoria A young Spanish woman who has recently moved to Berlin finds her flirtation with a local guy turn potentially deadly as their night out with his friends reveals a dangerous secret. Laia Costa Frederick Lau Sebastian Schipper
Mustang,"When five orphan girls are seen innocently playing with boys on a beach, their scandalized conservative guardians confine them while forced marriages are arranged.",Günes Sensoy,Doga Zeynep Doguslu,Deniz Gamze Ergüven,"Mustang When five orphan girls are seen innocently playing with boys on a beach, their scandalized conservative guardians confine them while forced marriages are arranged. Günes Sensoy Doga Zeynep Doguslu Deniz Gamze Ergüven"
Guardians of the Galaxy Vol. 2,"The Guardians struggle to keep together as a team while dealing with their personal family issues, notably Star-Lord's encounter with his father the ambitious celestial being Ego.",Chris Pratt,Zoe Saldana,James Gunn,"Guardians of the Galaxy Vol. 2 The Guardians struggle to keep together as a team while dealing with their personal family issues, notably Star-Lord's encounter with his father the ambitious celestial being Ego. Chris Pratt Zoe Saldana James Gunn"
Baby Driver,"After being coerced into working for a crime boss, a young getaway driver finds himself taking part in a heist doomed to fail.",Ansel Elgort,Jon Bernthal,Edgar Wright,"Baby Driver After being coerced into working for a crime boss, a young getaway driver finds himself taking part in a heist doomed to fail. Ansel Elgort Jon Bernthal Edgar Wright"
Only the Brave,"Based on the true story of the Granite Mountain Hotshots, a group of elite firefighters who risk everything to protect a town from a historic wildfire.",Josh Brolin,Miles Teller,Joseph Kosinski,"Only the Brave Based on the true story of the Granite Mountain Hotshots, a group of elite firefighters who risk everything to protect a town from a historic wildfire. Josh Brolin Miles Teller Joseph Kosinski"
Bridge of Spies,"During the Cold War, an American lawyer is recruited to defend an arrested Soviet spy in court, and then help the CIA facilitate an exchange of the spy for the Soviet captured American U2 spy plane pilot, Francis Gary Powers.",Tom Hanks,Mark Rylance,Steven Spielberg,"Bridge of Spies During the Cold War, an American lawyer is recruited to defend an arrested Soviet spy in court, and then help the CIA facilitate an exchange of the spy for the Soviet captured American U2 spy plane pilot, Francis Gary Powers. Tom Hanks Mark Rylance Steven Spielberg"
Incredibles 2,The Incredibles family takes on a new mission which involves a change in family roles: Bob Parr (Mr. Incredible) must manage the house while his wife Helen (Elastigirl) goes out to save the world.,Craig T. Nelson,Holly Hunter,Brad Bird,Incredibles 2 The Incredibles family takes on a new mission which involves a change in family roles: Bob Parr (Mr. Incredible) must manage the house while his wife Helen (Elastigirl) goes out to save the world. Craig T. Nelson Holly Hunter Brad Bird
Moana,"In Ancient Polynesia, when a terrible curse incurred by the Demigod Maui reaches Moana's island, she answers the Ocean's call to seek out the Demigod to set things right.",John Musker,Don Hall,Ron Clements,"Moana In Ancient Polynesia, when a terrible curse incurred by the Demigod Maui reaches Moana's island, she answers the Ocean's call to seek out the Demigod to set things right. John Musker Don Hall Ron Clements"
Sicario,An idealistic FBI agent is enlisted by a government task force to aid in the escalating war against drugs at the border area between the U.S. and Mexico.,Emily Blunt,Josh Brolin,Denis Villeneuve,Sicario An idealistic FBI agent is enlisted by a government task force to aid in the escalating war against drugs at the border area between the U.S. and Mexico. Emily Blunt Josh Brolin Denis Villeneuve
Creed,"The former World Heavyweight Champion Rocky Balboa serves as a trainer and mentor to Adonis Johnson, the son of his late friend and former rival Apollo Creed.",Michael B. Jordan,Sylvester Stallone,Ryan Coogler,"Creed The former World Heavyweight Champion Rocky Balboa serves as a trainer and mentor to Adonis Johnson, the son of his late friend and former rival Apollo Creed. Michael B. Jordan Sylvester Stallone Ryan Coogler"
Leviafan,"In a Russian coastal town, Kolya is forced to fight the corrupt mayor when he is told that his house will be demolished. He recruits a lawyer friend to help, but the man's arrival brings further misfortune for Kolya and his family.",Aleksey Serebryakov,Elena Lyadova,Andrey Zvyagintsev,"Leviafan In a Russian coastal town, Kolya is forced to fight the corrupt mayor when he is told that his house will be demolished. He recruits a lawyer friend to help, but the man's arrival brings further misfortune for Kolya and his family. Aleksey Serebryakov Elena Lyadova Andrey Zvyagintsev"
Hell or High Water,A divorced father and his ex-con older brother resort to a desperate scheme in order to save their family's ranch in West Texas.,Chris Pine,Ben Foster,David Mackenzie,Hell or High Water A divorced father and his ex-con older brother resort to a desperate scheme in order to save their family's ranch in West Texas. Chris Pine Ben Foster David Mackenzie
Philomena,"A world-weary political journalist picks up the story of a woman's search for her son, who was taken away from her decades ago after she became pregnant and was forced to live in a convent.",Judi Dench,Steve Coogan,Stephen Frears,"Philomena A world-weary political journalist picks up the story of a woman's search for her son, who was taken away from her decades ago after she became pregnant and was forced to live in a convent. Judi Dench Steve Coogan Stephen Frears"
Dawn of the Planet of the Apes,A growing nation of genetically evolved apes led by Caesar is threatened by a band of human survivors of the devastating virus unleashed a decade earlier.,Gary Oldman,Keri Russell,Matt Reeves,Dawn of the Planet of the Apes A growing nation of genetically evolved apes led by Caesar is threatened by a band of human survivors of the devastating virus unleashed a decade earlier. Gary Oldman Keri Russell Matt Reeves
El cuerpo,A detective searches for the body of a femme fatale which has gone missing from a morgue.,Jose Coronado,Hugo Silva,Oriol Paulo,El cuerpo A detective searches for the body of a femme fatale which has gone missing from a morgue. Jose Coronado Hugo Silva Oriol Paulo
Serbuan maut,A S.W.A.T. team becomes trapped in a tenement run by a ruthless mobster and his army of killers and thugs.,Iko Uwais,Ananda George,Gareth Evans,Serbuan maut A S.W.A.T. team becomes trapped in a tenement run by a ruthless mobster and his army of killers and thugs. Iko Uwais Ananda George Gareth Evans
End of Watch,"Shot documentary-style, this film follows the daily grind of two young police officers in LA who are partners and friends, and what happens when they meet criminal forces greater than themselves.",Jake Gyllenhaal,Michael Peña,David Ayer,"End of Watch Shot documentary-style, this film follows the daily grind of two young police officers in LA who are partners and friends, and what happens when they meet criminal forces greater than themselves. Jake Gyllenhaal Michael Peña David Ayer"
Kari-gurashi no Arietti,"The Clock family are four-inch-tall people who live anonymously in another family's residence, borrowing simple items to make their home. Life changes for the Clocks when their teenage daughter, Arrietty, is discovered.",Amy Poehler,Mirai Shida,Hiromasa Yonebayashi,"Kari-gurashi no Arietti The Clock family are four-inch-tall people who live anonymously in another family's residence, borrowing simple items to make their home. Life changes for the Clocks when their teenage daughter, Arrietty, is discovered. Amy Poehler Mirai Shida Hiromasa Yonebayashi"
A Star Is Born,A musician helps a young singer find fame as age and alcoholism send his own career into a downward spiral.,Lady Gaga,Bradley Cooper,Bradley Cooper,A Star Is Born A musician helps a young singer find fame as age and alcoholism send his own career into a downward spiral. Lady Gaga Bradley Cooper Bradley Cooper
True Grit,A stubborn teenager enlists the help of a tough U.S. Marshal to track down her father's murderer.,Joel Coen,Jeff Bridges,Ethan Coen,True Grit A stubborn teenager enlists the help of a tough U.S. Marshal to track down her father's murderer. Joel Coen Jeff Bridges Ethan Coen
Hævnen,"The lives of two Danish families cross each other, and an extraordinary but risky friendship comes into bud. But loneliness, frailty and sorrow lie in wait.",Mikael Persbrandt,Trine Dyrholm,Susanne Bier,"Hævnen The lives of two Danish families cross each other, and an extraordinary but risky friendship comes into bud. But loneliness, frailty and sorrow lie in wait. Mikael Persbrandt Trine Dyrholm Susanne Bier"
Despicable Me,"When a criminal mastermind uses a trio of orphan girls as pawns for a grand scheme, he finds their love is profoundly changing him for the better.",Chris Renaud,Steve Carell,Pierre Coffin,"Despicable Me When a criminal mastermind uses a trio of orphan girls as pawns for a grand scheme, he finds their love is profoundly changing him for the better. Chris Renaud Steve Carell Pierre Coffin"
50/50,"Inspired by a true story, a comedy centered on a 27-year-old guy who learns of his cancer diagnosis and his subsequent struggle to beat the disease.",Joseph Gordon-Levitt,Seth Rogen,Jonathan Levine,"50/50 Inspired by a true story, a comedy centered on a 27-year-old guy who learns of his cancer diagnosis and his subsequent struggle to beat the disease. Joseph Gordon-Levitt Seth Rogen Jonathan Levine"
Kick-Ass,"Dave Lizewski is an unnoticed high school student and comic book fan who one day decides to become a superhero, even though he has no powers, training or meaningful reason to do so.",Aaron Taylor-Johnson,Nicolas Cage,Matthew Vaughn,"Kick-Ass Dave Lizewski is an unnoticed high school student and comic book fan who one day decides to become a superhero, even though he has no powers, training or meaningful reason to do so. Aaron Taylor-Johnson Nicolas Cage Matthew Vaughn"
Celda 211,"The story of two men on different sides of a prison riot -- the inmate leading the rebellion and the young guard trapped in the revolt, who poses as a prisoner in a desperate attempt to survive the ordeal.",Luis Tosar,Alberto Ammann,Daniel Monzón,"Celda 211 The story of two men on different sides of a prison riot -- the inmate leading the rebellion and the young guard trapped in the revolt, who poses as a prisoner in a desperate attempt to survive the ordeal. Luis Tosar Alberto Ammann Daniel Monzón"
Moneyball,Oakland A's general manager Billy Beane's successful attempt to assemble a baseball team on a lean budget by employing computer-generated analysis to acquire new players.,Brad Pitt,Robin Wright,Bennett Miller,Moneyball Oakland A's general manager Billy Beane's successful attempt to assemble a baseball team on a lean budget by employing computer-generated analysis to acquire new players. Brad Pitt Robin Wright Bennett Miller
La piel que habito,"A brilliant plastic surgeon, haunted by past tragedies, creates a type of synthetic skin that withstands any kind of damage. His guinea pig: a mysterious and volatile woman who holds the key to his obsession.",Antonio Banderas,Elena Anaya,Pedro Almodóvar,"La piel que habito A brilliant plastic surgeon, haunted by past tragedies, creates a type of synthetic skin that withstands any kind of damage. His guinea pig: a mysterious and volatile woman who holds the key to his obsession. Antonio Banderas Elena Anaya Pedro Almodóvar"
Zombieland,"A shy student trying to reach his family in Ohio, a gun-toting tough guy trying to find the last Twinkie, and a pair of sisters trying to get to an amusement park join forces to travel across a zombie-filled America.",Jesse Eisenberg,Emma Stone,Ruben Fleischer,"Zombieland A shy student trying to reach his family in Ohio, a gun-toting tough guy trying to find the last Twinkie, and a pair of sisters trying to get to an amusement park join forces to travel across a zombie-filled America. Jesse Eisenberg Emma Stone Ruben Fleischer"
Die Welle,A high school teacher's experiment to demonstrate to his students what life is like under a dictatorship spins horribly out of control when he forms a social unit with a life of its own.,Jürgen Vogel,Frederick Lau,Dennis Gansel,Die Welle A high school teacher's experiment to demonstrate to his students what life is like under a dictatorship spins horribly out of control when he forms a social unit with a life of its own. Jürgen Vogel Frederick Lau Dennis Gansel
Sherlock Holmes,Detective Sherlock Holmes and his stalwart partner Watson engage in a battle of wits and brawn with a nemesis whose plot is a threat to all of England.,Robert Downey Jr.,Jude Law,Guy Ritchie,Sherlock Holmes Detective Sherlock Holmes and his stalwart partner Watson engage in a battle of wits and brawn with a nemesis whose plot is a threat to all of England. Robert Downey Jr. Jude Law Guy Ritchie
The Blind Side,"The story of Michael Oher, a homeless and traumatized boy who became an All-American football player and first-round NFL draft pick with the help of a caring woman and her family.",Quinton Aaron,Sandra Bullock,John Lee Hancock,"The Blind Side The story of Michael Oher, a homeless and traumatized boy who became an All-American football player and first-round NFL draft pick with the help of a caring woman and her family. Quinton Aaron Sandra Bullock John Lee Hancock"
The Visitor,A college professor travels to New York City to attend a conference and finds a young couple living in his apartment.,Richard Jenkins,Haaz Sleiman,Tom McCarthy,The Visitor A college professor travels to New York City to attend a conference and finds a young couple living in his apartment. Richard Jenkins Haaz Sleiman Tom McCarthy
Seven Pounds,A man with a fateful secret embarks on an extraordinary journey of redemption by forever changing the lives of seven strangers.,Will Smith,Rosario Dawson,Gabriele Muccino,Seven Pounds A man with a fateful secret embarks on an extraordinary journey of redemption by forever changing the lives of seven strangers. Will Smith Rosario Dawson Gabriele Muccino
Eastern Promises,A teenager who dies during childbirth leaves clues in her journal that could tie her child to a rape involving a violent Russian mob family.,Naomi Watts,Viggo Mortensen,David Cronenberg,Eastern Promises A teenager who dies during childbirth leaves clues in her journal that could tie her child to a rape involving a violent Russian mob family. Naomi Watts Viggo Mortensen David Cronenberg
Stardust,"In a countryside town bordering on a magical land, a young man makes a promise to his beloved that he'll retrieve a fallen star by venturing into the magical realm.",Charlie Cox,Claire Danes,Matthew Vaughn,"Stardust In a countryside town bordering on a magical land, a young man makes a promise to his beloved that he'll retrieve a fallen star by venturing into the magical realm. Charlie Cox Claire Danes Matthew Vaughn"
The Secret of Kells,"A young boy in a remote medieval outpost under siege from barbarian raids is beckoned to adventure when a celebrated master illuminator arrives with an ancient book, brimming with secret wisdom and powers.",Nora Twomey,Evan McGuire,Tomm Moore,"The Secret of Kells A young boy in a remote medieval outpost under siege from barbarian raids is beckoned to adventure when a celebrated master illuminator arrives with an ancient book, brimming with secret wisdom and powers. Nora Twomey Evan McGuire Tomm Moore"
Inside Man,"A police detective, a bank robber, and a high-power broker enter high-stakes negotiations after the criminal's brilliant heist spirals into a hostage situation.",Denzel Washington,Clive Owen,Spike Lee,"Inside Man A police detective, a bank robber, and a high-power broker enter high-stakes negotiations after the criminal's brilliant heist spirals into a hostage situation. Denzel Washington Clive Owen Spike Lee"
Gone Baby Gone,"Two Boston area detectives investigate a little girl's kidnapping, which ultimately turns into a crisis both professionally and personally.",Morgan Freeman,Ed Harris,Ben Affleck,"Gone Baby Gone Two Boston area detectives investigate a little girl's kidnapping, which ultimately turns into a crisis both professionally and personally. Morgan Freeman Ed Harris Ben Affleck"
La Vie En Rose,"Biopic of the iconic French singer Édith Piaf. Raised by her grandmother in a brothel, she was discovered while singing on a street corner at the age of 19. Despite her success, Piaf's life was filled with tragedy.",Marion Cotillard,Sylvie Testud,Olivier Dahan,"La Vie En Rose Biopic of the iconic French singer Édith Piaf. Raised by her grandmother in a brothel, she was discovered while singing on a street corner at the age of 19. Despite her success, Piaf's life was filled with tragedy. Marion Cotillard Sylvie Testud Olivier Dahan"
Huo Yuan Jia,"A biography of Chinese Martial Arts Master Huo Yuanjia, who is the founder and spiritual guru of the Jin Wu Sports Federation.",Jet Li,Li Sun,Ronny Yu,"Huo Yuan Jia A biography of Chinese Martial Arts Master Huo Yuanjia, who is the founder and spiritual guru of the Jin Wu Sports Federation. Jet Li Li Sun Ronny Yu"
The Illusionist,"In turn-of-the-century Vienna, a magician uses his abilities to secure the love of a woman far above his social standing.",Edward Norton,Jessica Biel,Neil Burger,"The Illusionist In turn-of-the-century Vienna, a magician uses his abilities to secure the love of a woman far above his social standing. Edward Norton Jessica Biel Neil Burger"
Dead Man's Shoes,A disaffected soldier returns to his hometown to get even with the thugs who brutalized his mentally-challenged brother years ago.,Paddy Considine,Gary Stretch,Shane Meadows,Dead Man's Shoes A disaffected soldier returns to his hometown to get even with the thugs who brutalized his mentally-challenged brother years ago. Paddy Considine Gary Stretch Shane Meadows
Harry Potter and the Half-Blood Prince,"As Harry Potter begins his sixth year at Hogwarts, he discovers an old book marked as ""the property of the Half-Blood Prince"" and begins to learn more about Lord Voldemort's dark past.",Daniel Radcliffe,Emma Watson,David Yates,"Harry Potter and the Half-Blood Prince As Harry Potter begins his sixth year at Hogwarts, he discovers an old book marked as ""the property of the Half-Blood Prince"" and begins to learn more about Lord Voldemort's dark past. Daniel Radcliffe Emma Watson David Yates"
300,King Leonidas of Sparta and a force of 300 men fight the Persians at Thermopylae in 480 B.C.,Gerard Butler,Lena Headey,Zack Snyder,300 King Leonidas of Sparta and a force of 300 men fight the Persians at Thermopylae in 480 B.C. Gerard Butler Lena Headey Zack Snyder
Match Point,"At a turning point in his life, a former tennis pro falls for an actress who happens to be dating his friend and soon-to-be brother-in-law.",Scarlett Johansson,Jonathan Rhys Meyers,Woody Allen,"Match Point At a turning point in his life, a former tennis pro falls for an actress who happens to be dating his friend and soon-to-be brother-in-law. Scarlett Johansson Jonathan Rhys Meyers Woody Allen"
Watchmen,"In 1985 where former superheroes exist, the murder of a colleague sends active vigilante Rorschach into his own sprawling investigation, uncovering something that could completely change the course of history as we know it.",Jackie Earle Haley,Patrick Wilson,Zack Snyder,"Watchmen In 1985 where former superheroes exist, the murder of a colleague sends active vigilante Rorschach into his own sprawling investigation, uncovering something that could completely change the course of history as we know it. Jackie Earle Haley Patrick Wilson Zack Snyder"
Lord of War,An arms dealer confronts the morality of his work as he is being chased by an INTERPOL Agent.,Nicolas Cage,Ethan Hawke,Andrew Niccol,Lord of War An arms dealer confronts the morality of his work as he is being chased by an INTERPOL Agent. Nicolas Cage Ethan Hawke Andrew Niccol
Saw,"Two strangers awaken in a room with no recollection of how they got there, and soon discover they're pawns in a deadly game perpetrated by a notorious serial killer.",Cary Elwes,Leigh Whannell,James Wan,"Saw Two strangers awaken in a room with no recollection of how they got there, and soon discover they're pawns in a deadly game perpetrated by a notorious serial killer. Cary Elwes Leigh Whannell James Wan"
"Synecdoche, New York","A theatre director struggles with his work, and the women in his life, as he creates a life-size replica of New York City inside a warehouse as part of his new play.",Philip Seymour Hoffman,Samantha Morton,Charlie Kaufman,"Synecdoche, New York A theatre director struggles with his work, and the women in his life, as he creates a life-size replica of New York City inside a warehouse as part of his new play. Philip Seymour Hoffman Samantha Morton Charlie Kaufman"
Mysterious Skin,"A teenage hustler and a young man obsessed with alien abductions cross paths, together discovering a horrible, liberating truth.",Brady Corbet,Joseph Gordon-Levitt,Gregg Araki,"Mysterious Skin A teenage hustler and a young man obsessed with alien abductions cross paths, together discovering a horrible, liberating truth. Brady Corbet Joseph Gordon-Levitt Gregg Araki"
Jeux d'enfants,"As adults, best friends Julien and Sophie continue the odd game they started as children -- a fearless competition to outdo one another with daring and outrageous stunts. While they often act out to relieve one another's pain, their game might be a way to avoid the fact that they are truly meant for one another.",Guillaume Canet,Marion Cotillard,Yann Samuell,"Jeux d'enfants As adults, best friends Julien and Sophie continue the odd game they started as children -- a fearless competition to outdo one another with daring and outrageous stunts. While they often act out to relieve one another's pain, their game might be a way to avoid the fact that they are truly meant for one another. Guillaume Canet Marion Cotillard Yann Samuell"
Un long dimanche de fiançailles,"Tells the story of a young woman's relentless search for her fiancé, who has disappeared from the trenches of the Somme during World War One.",Audrey Tautou,Gaspard Ulliel,Jean-Pierre Jeunet,"Un long dimanche de fiançailles Tells the story of a young woman's relentless search for her fiancé, who has disappeared from the trenches of the Somme during World War One. Audrey Tautou Gaspard Ulliel Jean-Pierre Jeunet"
The Station Agent,"When his only friend dies, a man born with dwarfism moves to rural New Jersey to live a life of solitude, only to meet a chatty hot dog vendor and a woman dealing with her own personal loss.",Peter Dinklage,Patricia Clarkson,Tom McCarthy,"The Station Agent When his only friend dies, a man born with dwarfism moves to rural New Jersey to live a life of solitude, only to meet a chatty hot dog vendor and a woman dealing with her own personal loss. Peter Dinklage Patricia Clarkson Tom McCarthy"
21 Grams,"A freak accident brings together a critically ill mathematician, a grieving mother, and a born-again ex-con.",Sean Penn,Benicio Del Toro,Alejandro G. Iñárritu,"21 Grams A freak accident brings together a critically ill mathematician, a grieving mother, and a born-again ex-con. Sean Penn Benicio Del Toro Alejandro G. Iñárritu"
Boksuneun naui geot,"A recently laid off factory worker kidnaps his former boss' friend's daughter, hoping to use the ransom money to pay for his sister's kidney transplant.",Kang-ho Song,Shin Ha-kyun,Chan-wook Park,"Boksuneun naui geot A recently laid off factory worker kidnaps his former boss' friend's daughter, hoping to use the ransom money to pay for his sister's kidney transplant. Kang-ho Song Shin Ha-kyun Chan-wook Park"
Finding Neverland,The story of Sir J.M. Barrie's friendship with a family who inspired him to create Peter Pan.,Johnny Depp,Kate Winslet,Marc Forster,Finding Neverland The story of Sir J.M. Barrie's friendship with a family who inspired him to create Peter Pan. Johnny Depp Kate Winslet Marc Forster
25th Hour,"Cornered by the DEA, convicted New York drug dealer Montgomery Brogan reevaluates his life in the 24 remaining hours before facing a seven-year jail term.",Edward Norton,Barry Pepper,Spike Lee,"25th Hour Cornered by the DEA, convicted New York drug dealer Montgomery Brogan reevaluates his life in the 24 remaining hours before facing a seven-year jail term. Edward Norton Barry Pepper Spike Lee"
The Butterfly Effect,"Evan Treborn suffers blackouts during significant events of his life. As he grows up, he finds a way to remember these lost memories and a supernatural way to alter his life by reading his journal.",J. Mackye Gruber,Ashton Kutcher,Eric Bress,"The Butterfly Effect Evan Treborn suffers blackouts during significant events of his life. As he grows up, he finds a way to remember these lost memories and a supernatural way to alter his life by reading his journal. J. Mackye Gruber Ashton Kutcher Eric Bress"
28 Days Later...,"Four weeks after a mysterious, incurable virus spreads throughout the UK, a handful of survivors try to find sanctuary.",Cillian Murphy,Naomie Harris,Danny Boyle,"28 Days Later... Four weeks after a mysterious, incurable virus spreads throughout the UK, a handful of survivors try to find sanctuary. Cillian Murphy Naomie Harris Danny Boyle"
Batoru rowaiaru,"In the future, the Japanese government captures a class of ninth-grade students and forces them to kill each other under the revolutionary ""Battle Royale"" act.",Tatsuya Fujiwara,Aki Maeda,Kinji Fukasaku,"Batoru rowaiaru In the future, the Japanese government captures a class of ninth-grade students and forces them to kill each other under the revolutionary ""Battle Royale"" act. Tatsuya Fujiwara Aki Maeda Kinji Fukasaku"
The Royal Tenenbaums,The eccentric members of a dysfunctional family reluctantly gather under the same roof for various reasons.,Gene Hackman,Gwyneth Paltrow,Wes Anderson,The Royal Tenenbaums The eccentric members of a dysfunctional family reluctantly gather under the same roof for various reasons. Gene Hackman Gwyneth Paltrow Wes Anderson
Y tu mamá también,"In Mexico, two teenage boys and an attractive older woman embark on a road trip and learn a thing or two about life, friendship, sex, and each other.",Maribel Verdú,Gael García Bernal,Alfonso Cuarón,"Y tu mamá también In Mexico, two teenage boys and an attractive older woman embark on a road trip and learn a thing or two about life, friendship, sex, and each other. Maribel Verdú Gael García Bernal Alfonso Cuarón"
Harry Potter and the Sorcerer's Stone,"An orphaned boy enrolls in a school of wizardry, where he learns the truth about himself, his family and the terrible evil that haunts the magical world.",Daniel Radcliffe,Rupert Grint,Chris Columbus,"Harry Potter and the Sorcerer's Stone An orphaned boy enrolls in a school of wizardry, where he learns the truth about himself, his family and the terrible evil that haunts the magical world. Daniel Radcliffe Rupert Grint Chris Columbus"
The Others,A woman who lives in her darkened old family house with her two photosensitive children becomes convinced that the home is haunted.,Nicole Kidman,Christopher Eccleston,Alejandro Amenábar,The Others A woman who lives in her darkened old family house with her two photosensitive children becomes convinced that the home is haunted. Nicole Kidman Christopher Eccleston Alejandro Amenábar
Blow,"The story of how George Jung, along with the Medellín Cartel headed by Pablo Escobar, established the American cocaine market in the 1970s in the United States.",Johnny Depp,Penélope Cruz,Ted Demme,"Blow The story of how George Jung, along with the Medellín Cartel headed by Pablo Escobar, established the American cocaine market in the 1970s in the United States. Johnny Depp Penélope Cruz Ted Demme"
Enemy at the Gates,A Russian and a German sniper play a game of cat-and-mouse during the Battle of Stalingrad.,Jude Law,Ed Harris,Jean-Jacques Annaud,Enemy at the Gates A Russian and a German sniper play a game of cat-and-mouse during the Battle of Stalingrad. Jude Law Ed Harris Jean-Jacques Annaud
Minority Report,"In a future where a special police unit is able to arrest murderers before they commit their crimes, an officer from that unit is himself accused of a future murder.",Tom Cruise,Colin Farrell,Steven Spielberg,"Minority Report In a future where a special police unit is able to arrest murderers before they commit their crimes, an officer from that unit is himself accused of a future murder. Tom Cruise Colin Farrell Steven Spielberg"
The Hurricane,"The story of Rubin 'Hurricane' Carter, a boxer wrongly imprisoned for murder, and the people who aided in his fight to prove his innocence.",Denzel Washington,Vicellous Shannon,Norman Jewison,"The Hurricane The story of Rubin 'Hurricane' Carter, a boxer wrongly imprisoned for murder, and the people who aided in his fight to prove his innocence. Denzel Washington Vicellous Shannon Norman Jewison"
American Psycho,"A wealthy New York City investment banking executive, Patrick Bateman, hides his alternate psychopathic ego from his co-workers and friends as he delves deeper into his violent, hedonistic fantasies.",Christian Bale,Justin Theroux,Mary Harron,"American Psycho A wealthy New York City investment banking executive, Patrick Bateman, hides his alternate psychopathic ego from his co-workers and friends as he delves deeper into his violent, hedonistic fantasies. Christian Bale Justin Theroux Mary Harron"
Lola rennt,"After a botched money delivery, Lola has 20 minutes to come up with 100,000 Deutschmarks.",Franka Potente,Moritz Bleibtreu,Tom Tykwer,"Lola rennt After a botched money delivery, Lola has 20 minutes to come up with 100,000 Deutschmarks. Franka Potente Moritz Bleibtreu Tom Tykwer"
The Thin Red Line,"Adaptation of James Jones' autobiographical 1962 novel, focusing on the conflict at Guadalcanal during the second World War.",Jim Caviezel,Sean Penn,Terrence Malick,"The Thin Red Line Adaptation of James Jones' autobiographical 1962 novel, focusing on the conflict at Guadalcanal during the second World War. Jim Caviezel Sean Penn Terrence Malick"
Mulan,"To save her father from death in the army, a young maiden secretly goes in his place and becomes one of China's greatest heroines in the process.",Barry Cook,Ming-Na Wen,Tony Bancroft,"Mulan To save her father from death in the army, a young maiden secretly goes in his place and becomes one of China's greatest heroines in the process. Barry Cook Ming-Na Wen Tony Bancroft"
Fear and Loathing in Las Vegas,An oddball journalist and his psychopathic lawyer travel to Las Vegas for a series of psychedelic escapades.,Johnny Depp,Benicio Del Toro,Terry Gilliam,Fear and Loathing in Las Vegas An oddball journalist and his psychopathic lawyer travel to Las Vegas for a series of psychedelic escapades. Johnny Depp Benicio Del Toro Terry Gilliam
Funny Games,"Two violent young men take a mother, father, and son hostage in their vacation cabin and force them to play sadistic ""games"" with one another for their own amusement.",Susanne Lothar,Ulrich Mühe,Michael Haneke,"Funny Games Two violent young men take a mother, father, and son hostage in their vacation cabin and force them to play sadistic ""games"" with one another for their own amusement. Susanne Lothar Ulrich Mühe Michael Haneke"
Dark City,"A man struggles with memories of his past, which include a wife he cannot remember and a nightmarish world no one else ever seems to wake up from.",Rufus Sewell,Kiefer Sutherland,Alex Proyas,"Dark City A man struggles with memories of his past, which include a wife he cannot remember and a nightmarish world no one else ever seems to wake up from. Rufus Sewell Kiefer Sutherland Alex Proyas"
Sleepers,"After a prank goes disastrously wrong, a group of boys are sent to a detention center where they are brutalized. Thirteen years later, an unexpected random encounter with a former guard gives them a chance for revenge.",Robert De Niro,Kevin Bacon,Barry Levinson,"Sleepers After a prank goes disastrously wrong, a group of boys are sent to a detention center where they are brutalized. Thirteen years later, an unexpected random encounter with a former guard gives them a chance for revenge. Robert De Niro Kevin Bacon Barry Levinson"
Lost Highway,"Anonymous videotapes presage a musician's murder conviction, and a gangster's girlfriend leads a mechanic astray.",Bill Pullman,Patricia Arquette,David Lynch,"Lost Highway Anonymous videotapes presage a musician's murder conviction, and a gangster's girlfriend leads a mechanic astray. Bill Pullman Patricia Arquette David Lynch"
Sense and Sensibility,"Rich Mr. Dashwood dies, leaving his second wife and her three daughters poor by the rules of inheritance. The two eldest daughters are the title opposites.",Emma Thompson,Kate Winslet,Ang Lee,"Sense and Sensibility Rich Mr. Dashwood dies, leaving his second wife and her three daughters poor by the rules of inheritance. The two eldest daughters are the title opposites. Emma Thompson Kate Winslet Ang Lee"
Die Hard: With a Vengeance,"John McClane and a Harlem store owner are targeted by German terrorist Simon in New York City, where he plans to rob the Federal Reserve Building.",Bruce Willis,Jeremy Irons,John McTiernan,"Die Hard: With a Vengeance John McClane and a Harlem store owner are targeted by German terrorist Simon in New York City, where he plans to rob the Federal Reserve Building. Bruce Willis Jeremy Irons John McTiernan"
Dead Man,"On the run after murdering a man, accountant William Blake encounters a strange aboriginal American man named Nobody who prepares him for his journey into the spiritual world.",Johnny Depp,Gary Farmer,Jim Jarmusch,"Dead Man On the run after murdering a man, accountant William Blake encounters a strange aboriginal American man named Nobody who prepares him for his journey into the spiritual world. Johnny Depp Gary Farmer Jim Jarmusch"
The Bridges of Madison County,Photographer Robert Kincaid wanders into the life of housewife Francesca Johnson for four days in the 1960s.,Clint Eastwood,Meryl Streep,Clint Eastwood,The Bridges of Madison County Photographer Robert Kincaid wanders into the life of housewife Francesca Johnson for four days in the 1960s. Clint Eastwood Meryl Streep Clint Eastwood
Apollo 13,NASA must devise a strategy to return Apollo 13 to Earth safely after the spacecraft undergoes massive internal damage putting the lives of the three astronauts on board in jeopardy.,Tom Hanks,Bill Paxton,Ron Howard,Apollo 13 NASA must devise a strategy to return Apollo 13 to Earth safely after the spacecraft undergoes massive internal damage putting the lives of the three astronauts on board in jeopardy. Tom Hanks Bill Paxton Ron Howard
Trois couleurs: Blanc,"After his wife divorces him, a Polish immigrant plots to get even with her.",Zbigniew Zamachowski,Julie Delpy,Krzysztof Kieslowski,"Trois couleurs: Blanc After his wife divorces him, a Polish immigrant plots to get even with her. Zbigniew Zamachowski Julie Delpy Krzysztof Kieslowski"
Falling Down,An ordinary man frustrated with the various flaws he sees in society begins to psychotically and violently lash out against them.,Michael Douglas,Robert Duvall,Joel Schumacher,Falling Down An ordinary man frustrated with the various flaws he sees in society begins to psychotically and violently lash out against them. Michael Douglas Robert Duvall Joel Schumacher
Dazed and Confused,The adventures of high school and junior high students on the last day of school in May 1976.,Jason London,Wiley Wiggins,Richard Linklater,Dazed and Confused The adventures of high school and junior high students on the last day of school in May 1976. Jason London Wiley Wiggins Richard Linklater
My Cousin Vinny,"Two New Yorkers accused of murder in rural Alabama while on their way back to college call in the help of one of their cousins, a loudmouth lawyer with no trial experience.",Joe Pesci,Marisa Tomei,Jonathan Lynn,"My Cousin Vinny Two New Yorkers accused of murder in rural Alabama while on their way back to college call in the help of one of their cousins, a loudmouth lawyer with no trial experience. Joe Pesci Marisa Tomei Jonathan Lynn"
Omohide poro poro,A twenty-seven-year-old office worker travels to the countryside while reminiscing about her childhood in Tokyo.,Miki Imai,Toshirô Yanagiba,Isao Takahata,Omohide poro poro A twenty-seven-year-old office worker travels to the countryside while reminiscing about her childhood in Tokyo. Miki Imai Toshirô Yanagiba Isao Takahata
Delicatessen,Post-apocalyptic surrealist black comedy about the landlord of an apartment building who occasionally prepares a delicacy for his odd tenants.,Jean-Pierre Jeunet,Marie-Laure Dougnac,Marc Caro,Delicatessen Post-apocalyptic surrealist black comedy about the landlord of an apartment building who occasionally prepares a delicacy for his odd tenants. Jean-Pierre Jeunet Marie-Laure Dougnac Marc Caro
Home Alone,An eight-year-old troublemaker must protect his house from a pair of burglars when he is accidentally left home alone by his family during Christmas vacation.,Macaulay Culkin,Joe Pesci,Chris Columbus,Home Alone An eight-year-old troublemaker must protect his house from a pair of burglars when he is accidentally left home alone by his family during Christmas vacation. Macaulay Culkin Joe Pesci Chris Columbus
The Godfather: Part III,"Follows Michael Corleone, now in his 60s, as he seeks to free his family from crime and find a suitable successor to his empire.",Al Pacino,Diane Keaton,Francis Ford Coppola,"The Godfather: Part III Follows Michael Corleone, now in his 60s, as he seeks to free his family from crime and find a suitable successor to his empire. Al Pacino Diane Keaton Francis Ford Coppola"
When Harry Met Sally...,"Harry and Sally have known each other for years, and are very good friends, but they fear sex would ruin the friendship.",Billy Crystal,Meg Ryan,Rob Reiner,"When Harry Met Sally... Harry and Sally have known each other for years, and are very good friends, but they fear sex would ruin the friendship. Billy Crystal Meg Ryan Rob Reiner"
The Little Mermaid,A mermaid princess makes a Faustian bargain in an attempt to become human and win a prince's love.,John Musker,Jodi Benson,Ron Clements,The Little Mermaid A mermaid princess makes a Faustian bargain in an attempt to become human and win a prince's love. John Musker Jodi Benson Ron Clements
The Naked Gun: From the Files of Police Squad!,Incompetent police Detective Frank Drebin must foil an attempt to assassinate Queen Elizabeth II.,Leslie Nielsen,Priscilla Presley,David Zucker,The Naked Gun: From the Files of Police Squad! Incompetent police Detective Frank Drebin must foil an attempt to assassinate Queen Elizabeth II. Leslie Nielsen Priscilla Presley David Zucker
"Planes, Trains & Automobiles",A man must struggle to travel home for Thanksgiving with a lovable oaf of a shower curtain ring salesman as his only companion.,Steve Martin,John Candy,John Hughes,"Planes, Trains & Automobiles A man must struggle to travel home for Thanksgiving with a lovable oaf of a shower curtain ring salesman as his only companion. Steve Martin John Candy John Hughes"
Lethal Weapon,Two newly paired cops who are complete opposites must put aside their differences in order to catch a gang of drug smugglers.,Mel Gibson,Danny Glover,Richard Donner,Lethal Weapon Two newly paired cops who are complete opposites must put aside their differences in order to catch a gang of drug smugglers. Mel Gibson Danny Glover Richard Donner
Blood Simple,"The owner of a seedy small-town Texas bar discovers that one of his employees is having an affair with his wife. A chaotic chain of misunderstandings, lies and mischief ensues after he devises a plot to have them murdered.",Ethan Coen,John Getz,Joel Coen,"Blood Simple The owner of a seedy small-town Texas bar discovers that one of his employees is having an affair with his wife. A chaotic chain of misunderstandings, lies and mischief ensues after he devises a plot to have them murdered. Ethan Coen John Getz Joel Coen"
On Golden Pond,"Norman is a curmudgeon with an estranged relationship with his daughter Chelsea. At Golden Pond, he and his wife nevertheless agree to care for Billy, the son of Chelsea's new boyfriend, and a most unexpected relationship blooms.",Katharine Hepburn,Henry Fonda,Mark Rydell,"On Golden Pond Norman is a curmudgeon with an estranged relationship with his daughter Chelsea. At Golden Pond, he and his wife nevertheless agree to care for Billy, the son of Chelsea's new boyfriend, and a most unexpected relationship blooms. Katharine Hepburn Henry Fonda Mark Rydell"
Mad Max 2,"In the post-apocalyptic Australian wasteland, a cynical drifter agrees to help a small, gasoline-rich community escape a horde of bandits.",Mel Gibson,Bruce Spence,George Miller,"Mad Max 2 In the post-apocalyptic Australian wasteland, a cynical drifter agrees to help a small, gasoline-rich community escape a horde of bandits. Mel Gibson Bruce Spence George Miller"
The Warriors,"In the near future, a charismatic leader summons the street gangs of New York City in a bid to take it over. When he is killed, The Warriors are falsely blamed and now must fight their way home while every other gang is hunting them down.",Michael Beck,James Remar,Walter Hill,"The Warriors In the near future, a charismatic leader summons the street gangs of New York City in a bid to take it over. When he is killed, The Warriors are falsely blamed and now must fight their way home while every other gang is hunting them down. Michael Beck James Remar Walter Hill"
The Muppet Movie,"Kermit and his newfound friends trek across America to find success in Hollywood, but a frog legs merchant is after Kermit.",Jim Henson,Frank Oz,James Frawley,"The Muppet Movie Kermit and his newfound friends trek across America to find success in Hollywood, but a frog legs merchant is after Kermit. Jim Henson Frank Oz James Frawley"
Escape from Alcatraz,"Alcatraz is the most secure prison of its time. It is believed that no one can ever escape from it, until three daring men make a possible successful attempt at escaping from one of the most infamous prisons in the world.",Clint Eastwood,Patrick McGoohan,Don Siegel,"Escape from Alcatraz Alcatraz is the most secure prison of its time. It is believed that no one can ever escape from it, until three daring men make a possible successful attempt at escaping from one of the most infamous prisons in the world. Clint Eastwood Patrick McGoohan Don Siegel"
Watership Down,"Hoping to escape destruction by human developers and save their community, a colony of rabbits, led by Hazel and Fiver, seek out a safe place to set up a new warren.",John Hubley,John Hurt,Martin Rosen,"Watership Down Hoping to escape destruction by human developers and save their community, a colony of rabbits, led by Hazel and Fiver, seek out a safe place to set up a new warren. John Hubley John Hurt Martin Rosen"
Midnight Express,"Billy Hayes, an American college student, is caught smuggling drugs out of Turkey and thrown into prison.",Brad Davis,Irene Miracle,Alan Parker,"Midnight Express Billy Hayes, an American college student, is caught smuggling drugs out of Turkey and thrown into prison. Brad Davis Irene Miracle Alan Parker"
Close Encounters of the Third Kind,"Roy Neary, an electric lineman, watches how his quiet and ordinary daily life turns upside down after a close encounter with a UFO.",Richard Dreyfuss,François Truffaut,Steven Spielberg,"Close Encounters of the Third Kind Roy Neary, an electric lineman, watches how his quiet and ordinary daily life turns upside down after a close encounter with a UFO. Richard Dreyfuss François Truffaut Steven Spielberg"
The Long Goodbye,"Private investigator Philip Marlowe helps a friend out of a jam, but in doing so gets implicated in his wife's murder.",Elliott Gould,Nina van Pallandt,Robert Altman,"The Long Goodbye Private investigator Philip Marlowe helps a friend out of a jam, but in doing so gets implicated in his wife's murder. Elliott Gould Nina van Pallandt Robert Altman"
Giù la testa,A low-life bandit and an I.R.A. explosives expert rebel against the government and become heroes of the Mexican Revolution.,Rod Steiger,James Coburn,Sergio Leone,Giù la testa A low-life bandit and an I.R.A. explosives expert rebel against the government and become heroes of the Mexican Revolution. Rod Steiger James Coburn Sergio Leone
Kelly's Heroes,A group of U.S. soldiers sneaks across enemy lines to get their hands on a secret stash of Nazi treasure.,Clint Eastwood,Telly Savalas,Brian G. Hutton,Kelly's Heroes A group of U.S. soldiers sneaks across enemy lines to get their hands on a secret stash of Nazi treasure. Clint Eastwood Telly Savalas Brian G. Hutton
The Jungle Book,Bagheera the Panther and Baloo the Bear have a difficult time trying to convince a boy to leave the jungle for human civilization.,Phil Harris,Sebastian Cabot,Wolfgang Reitherman,The Jungle Book Bagheera the Panther and Baloo the Bear have a difficult time trying to convince a boy to leave the jungle for human civilization. Phil Harris Sebastian Cabot Wolfgang Reitherman
Blowup,A fashion photographer unknowingly captures a death on film after following two lovers in a park.,David Hemmings,Vanessa Redgrave,Michelangelo Antonioni,Blowup A fashion photographer unknowingly captures a death on film after following two lovers in a park. David Hemmings Vanessa Redgrave Michelangelo Antonioni
A Hard Day's Night,"Over two ""typical"" days in the life of The Beatles, the boys struggle to keep themselves and Sir Paul McCartney's mischievous grandfather in check while preparing for a live television performance.",John Lennon,Paul McCartney,Richard Lester,"A Hard Day's Night Over two ""typical"" days in the life of The Beatles, the boys struggle to keep themselves and Sir Paul McCartney's mischievous grandfather in check while preparing for a live television performance. John Lennon Paul McCartney Richard Lester"
Breakfast at Tiffany's,"A young New York socialite becomes interested in a young man who has moved into her apartment building, but her past threatens to get in the way.",Audrey Hepburn,George Peppard,Blake Edwards,"Breakfast at Tiffany's A young New York socialite becomes interested in a young man who has moved into her apartment building, but her past threatens to get in the way. Audrey Hepburn George Peppard Blake Edwards"
Giant,Sprawling epic covering the life of a Texas cattle rancher and his family and associates.,Elizabeth Taylor,Rock Hudson,George Stevens,Giant Sprawling epic covering the life of a Texas cattle rancher and his family and associates. Elizabeth Taylor Rock Hudson George Stevens
From Here to Eternity,"In Hawaii in 1941, a private is cruelly punished for not boxing on his unit's team, while his captain's wife and second-in-command are falling in love.",Burt Lancaster,Montgomery Clift,Fred Zinnemann,"From Here to Eternity In Hawaii in 1941, a private is cruelly punished for not boxing on his unit's team, while his captain's wife and second-in-command are falling in love. Burt Lancaster Montgomery Clift Fred Zinnemann"
Lifeboat,Several survivors of a torpedoed merchant ship in World War II find themselves in the same lifeboat with one of the crew members of the U-boat that sank their ship.,Tallulah Bankhead,John Hodiak,Alfred Hitchcock,Lifeboat Several survivors of a torpedoed merchant ship in World War II find themselves in the same lifeboat with one of the crew members of the U-boat that sank their ship. Tallulah Bankhead John Hodiak Alfred Hitchcock
The 39 Steps,"A man in London tries to help a counter-espionage Agent. But when the Agent is killed, and the man stands accused, he must go on the run to save himself and stop a spy ring which is trying to steal top secret information.",Robert Donat,Madeleine Carroll,Alfred Hitchcock,"The 39 Steps A man in London tries to help a counter-espionage Agent. But when the Agent is killed, and the man stands accused, he must go on the run to save himself and stop a spy ring which is trying to steal top secret information. Robert Donat Madeleine Carroll Alfred Hitchcock"
